Player Name,Actual Position,Predicted Position
R. Williams,RM,RM
T. Wilson,LB,LB
J. Edwards,CM,RM
Vitor Hugo,CB,CB
G. De Feudis,RM,LM
S. Hoskins,ST,LM
K. Escamilla,LM,RM
Sergio León,ST,ST
R. Ghezzal,RW,LM
S. Cook,CB,CB
Ł. Łakomy,LM,LM
C. Tévez,CM,ST
Gilberto,RB,RB
A. Corsi,LM,RB
J. Byrne,RM,RM
D. O'Shaughnessy,CB,CB
G. Imbula,RM,LM
Everaldo,ST,ST
A. Jashari,CM,LM
J. Gosso,LM,RM
K. Issah,RM,RB
Escudero,LB,LB
D. Vida,CB,CB
J. Nouble,ST,ST
Kiki,LB,LB
Aylton Boa Morte,RW,LM
J. Sabbatini,RM,RM
Yang Xiaotian,LB,LB
F. Darwish,LM,RM
R. Grego-Cox,RW,ST
G. Glendon,LM,RM
K. Martínez,ST,ST
Kim Min Hyeok,CB,CB
L. Greco,CM,LM
A. Considine,CB,CB
B. Pritchard,RM,RM
R. Thomas,CB,CB
Alberto Moreno,LM,LB
T. Cissokho,CB,CB
B. Mikeltadze,ST,ST
F. Hornby,ST,ST
M. Pfitzner,CB,RM
Parejo,RM,LM
Lucas Leiva,LM,RM
M. Kurt,LM,RM
Claudio Coíntra,RM,RM
João Amaral,RM,LM
G. Markiet,CB,CB
H. Winks,RM,LM
A. Hloušek,LB,LB
M. Wiig,ST,ST
Liliu,ST,ST
M. Rossi,CB,CB
Jeong Seung Won,RM,RM
I. Brizuela,RB,LM
D. Oliech,RM,ST
J. Toornstra,CM,RM
K. Manolas,CB,CB
T. Ortega,LB,LB
P. O'Conor,RM,RM
A. Traoré,LB,LB
Mama Baldé,ST,ST
E. Mas,LB,LB
R. Benson,CM,LM
T. James,RB,RB
Y. Hamache,LB,LB
H. Shimoda,LM,LM
K. Hansen,CB,CB
G. Compagnucci,RB,RM
F. Banguero,LB,LB
J. Veldmate,CB,CB
S. Cáceres,CB,CB
F. Fattori,LM,RM
F. Al Reshedi,LM,LM
Varela,CB,CB
I. Pillud,RB,RB
G. Åsen,LW,LM
Manu Barreiro,ST,ST
C. Gülselam,LM,CB
L. Owusu,LB,RB
A. Gomis,CB,CB
Mano,RB,RB
J. Morel,LB,LB
É. Youan,ST,ST
Y. Coulibaly,LB,LB
V. Grifo,RM,LM
I. De Santis,CB,CB
O. Brennan,LM,RM
Bastos,CB,CB
M. Muscat,RB,RB
S. Aydoğdu,LM,LM
K. Valenzuela,RM,RB
C. Melgar,RM,LM
Oh Jang Eun,RM,RM
P. Olkowski,RB,RB
C. Espinoza,RM,RM
A. Denisov,CB,LM
A. Ajeti,CB,CB
D. Arismendi,CB,RM
C. Schneuwly,LM,RM
J. Wind,ST,ST
A. Ludwig,CB,CB
C. Klarer,CB,CB
Rodri,CM,RM
Samu,CM,LM
W. Fernández,LM,LM
M. Terrier,LW,ST
C. Terlizzi,CB,CB
M. Diagne,CB,CB
O. Idrissi,RW,LM
Henrique,LB,LB
T. Hornby-Forbes,RB,RB
A. Hoffmann,CB,CB
Sun Jie,CB,CB
G. Shibasaki,LM,LM
P. Hoban,ST,ST
V. Fischer,LM,LM
A. Mina,CB,CB
W. Droste,RB,RB
Jorge Félix,ST,LM
A. Þrándarson,LM,RM
Q. Cornette,RM,LM
O. Hawkins,CB,ST
A. Tanaka,RM,RM
Maicon,RB,RB
P. Clement,LM,LM
R. Matsuda,RB,RB
F. Kessié,RM,RM
J. Duque,ST,ST
Y. Bissouma,RM,RM
F. Saucedo,LM,RM
B. Grougi,RM,LM
S. Bassong,CB,CB
V. Demidov,CB,CB
V. Sasso,CB,CB
Ö. Toprak,CB,CB
Choi Jong Hoan,RB,RB
W. Cartagena,LM,RM
Danilo Pereira,LM,RM
Ximo Navarro,RB,RB
C. Rivieyran,RB,RB
T. Santos,RM,RM
J. Mendes,RW,ST
N. Pijnaker,CB,CB
C. Lizarazo,CM,LM
D. Schütz,RM,LM
Maurício,LM,RM
B. Osborn,LB,LM
G. Dobson,RM,RM
I. Nestorovski,ST,ST
B. Burling,CB,CB
N. Verdier,ST,ST
C. Rocchia,LB,LB
X. Schenk,CB,CB
S. Andersson,ST,ST
D. Drexler,LM,LM
D. Vantaggiato,ST,ST
J. Ramos,RM,ST
L. Brassier,CB,CB
Zequinha,RW,ST
B. Kessel,RB,CB
N. Milenković,CB,CB
D. Stahl,LM,RM
J. Hardeveld,CB,LB
S. Pérez,LB,LB
N. Fazzi,RM,RM
Y. Kashiwagi,RM,LM
C. Gribbin,CM,LM
P. Retre,LM,RM
Iván Garrido,CB,RB
D. Undav,LM,ST
Lionn,RB,RB
L. Thy,ST,ST
Beñat,RM,RM
A. Pomerko,CM,RM
N. DeLeon,LM,LM
C. Nunnely,RW,LM
F. Adu Kwame,LB,LB
S. Al Dosari,RM,RM
C. Immobile,ST,ST
J. Milner,LB,RM
S. Taylor,CB,CB
I. Piatti,CM,LM
D. Župarić,CB,CB
T. Conlon,LM,LM
L. Klostermann,RB,RB
Y. Karamoh,RW,LM
S. Lewkot,CB,CB
O. Čelůstka,CB,CB
M. Hughes,CB,CB
O. Martínez,RM,LM
S. Hutchinson,CB,CB
O. Skarsem,RM,LM
J. Ward,RB,RB
D. Martinović,ST,ST
L. Sané,CB,CB
M. Konaté,ST,ST
S. Yatabaré,RM,RM
D. McGregor,RB,CB
Vicemte Tófoli,ST,ST
M. Bogado,LM,RM
D. Tošić,LB,LB
M. Aydin,ST,ST
Siqueira,LB,LB
J. M'voto,CB,CB
J. Bager,CB,CB
L. Abram,CB,CB
A. Ramírez,LM,RM
A. Valério,RM,LM
Raffael,ST,LM
Z. Medley,CB,CB
H. Al Ghamdi,RM,LM
K. Baccus,RM,RM
K. Tshiembe,CB,CB
J. Hunt,RB,RB
A. Maxim,LM,LM
R. Czichos,CB,CB
A. Al Obaid,LB,LB
M. Stevens,ST,ST
A. Stølås,LM,LM
G. Haraguchi,LW,LM
H. Wright,ST,ST
M. Elyounoussi,RM,LM
Fabio González,RM,RM
N. Lonwijk,CB,CB
A. Sobiech,ST,ST
M. Candelo,CM,LM
Bebeto,RB,RB
M. Haarup,LB,RB
A. Ramírez,CM,RM
B. Onyango,CB,CB
G. Montiel,RB,RB
Lucas Fernandes,LM,LM
M. Batshuayi,ST,ST
Kaimo Lima,CB,CB
Flávio Rebeilo,LB,LB
D. Orgill,ST,ST
E. Valla Dønnem,CM,RM
P. Groß,RM,RM
F. Lesniak,LM,RM
J. Mejdr,RB,RB
A. Luna,RM,LM
Nicolás Formido,CM,LM
R. Seuntjens,RM,ST
F. Banguero,LB,LB
S. Al Khaibari,CB,CB
S. Arfield,RM,RM
M. Pack,RM,RM
A. MacDonald,CB,CB
O. Duarte,ST,ST
Hugo Goiteira,CB,CB
M. Hazazi,RB,RB
A. Wakaso,RM,RM
J. Magennis,ST,ST
A. González,CB,CB
S. Ntiya-Ntiya,LB,LB
A. Čermák,LM,LM
N. Stosic,LM,RM
C. Mbemba,CB,CB
C. Wondolowski,ST,ST
David Fernández,CB,CB
C. Williams,RB,RM
Gonzalo Villar,RM,LM
J. Clark,RM,RM
R. Lameiras,RM,LM
E. Vecchio,RM,LM
M. Uhre,ST,ST
A. Jung,LB,LB
R. Cassidy,ST,ST
W. Boly,CB,CB
A. Ligi,CB,CB
C. Basham,CB,CB
Pedro Neto,RW,RM
L. Veldwijk,ST,ST
F. Silva,RM,LM
A. Castro,LM,LM
R. Tongyik,CB,CB
E. Sno,RM,RM
F. Cristaldo,CM,LM
A. Rocha,RM,RM
D. Georgievski,RB,RB
W. Bakhashwain,RM,RM
A. Antilef,CM,LM
M. Kvesić,CM,LM
S. Birnbaum,CB,CB
F. Coniglio,ST,ST
E. Ntim,CB,CB
J. Yegüez,LB,LB
A. Paločević,LM,LM
Eric Botteghin,CB,CB
A. Gogić,CB,RM
M. Gamarra,CB,LB
J. Nolan,RM,LM
M. Sipľak,LM,LB
D. McMillan,ST,ST
P. McEleney,CM,LM
A. Golovin,CM,LM
M. Tisserand,CB,RB
A. Espínola,RB,RB
R. Métanire,RB,RB
Césario Limberg,CB,CB
J. Brayford,RB,RB
R. Grzyb,RM,RB
F. Thauvin,RW,RM
José Mirazar,LW,LM
L. Vilsvik,RB,RB
R. Nilsson,CM,RB
Rosberto Dourado,RM,RM
S. Willems,CB,CB
J. Molina,LM,RM
P. Kristensen,LB,RM
Kwak Tae Hwi,CB,CB
G. Lebese,LM,LM
M. Mešanović,ST,ST
F. Sambueza,RM,RM
K. Mavropanos,CB,CB
M. Boselli,ST,ST
T. Jurić,ST,ST
M. Krmenčík,ST,ST
S. Rodevåg,ST,ST
Thiago Mendes,LM,RM
A. Delort,ST,ST
V. Andriuškevičius,LB,LB
F. Vázquez,CM,LM
D. Williams,CB,CB
Lucas Fernandes,RM,LM
F. Chiesa,LM,LM
R. Okui,LB,RB
D. Valeri,CM,LM
S. Quinn,RM,RM
B. Curville,CB,CB
A. Butler,CB,CB
M. Djuricin,ST,ST
M. Defendi,CM,RM
F. Amorebieta,LB,CB
D. Clarke,RM,RM
L. Mugni,LM,RM
Luis Paezinho,CB,CB
F. Ghazi,LB,LB
A. Maciel,CB,CB
D. Congré,CB,CB
V. Costache,LM,LM
L. Falcón,CB,CB
Javi Cantero,LM,LB
F. Fajr,LM,LM
Á. González,LW,RM
Kiko Femenía,RM,RM
Gégé,CB,CB
Marc Mateu,LB,LB
R. Christie,LM,LM
Y. Cahuzac,RM,RM
S. Hanni,LM,LM
S. O'Donnell,RB,RB
V. Alvarado,CB,CB
K. Abdallah,RB,CB
L. Coulibaly,RM,RM
S. Yendis,RM,RM
S. Widmer,RB,RB
S. Muwashar,RM,LM
J. Torunarigha,CB,CB
T. Hadebe,CB,CB
L. Pico,LM,RM
R. Bianco,CM,RM
E. Lutsenko,ST,LM
Fran Sol,ST,ST
K. Grant,ST,ST
R. Niyaz,CM,LM
G. Barnes,LM,LM
Q. Maceiras,RM,RB
T. Jacobsen,LB,RB
L. Montes,LM,LM
C. Lee,RM,RM
Josué Chiamulera,CB,CB
M. Antonio,RM,ST
Montañés,RM,LM
B. Rahman,LB,LB
Lee You Hyeon,LM,RB
G. Paletta,CB,CB
A. Guardado,LM,LM
M. Benítez,LM,LM
R. van der Vaart,RM,LM
T. Hornby-Forbes,RB,RB
N. Tomović,CB,RB
R. Krauße,RM,RM
Timor,LM,LM
S. Sawadogo,RW,LM
J. Beausejour,LB,LB
J. Rafferty,RB,RB
H. Pereira,RM,LM
S. Moreno,RM,LM
L. Malicsek,CM,CB
D. De fauw,RB,RB
R. Hubník,CB,CB
L. Insigne,LM,LM
L. Fer,RM,RM
C. Camps,CM,LM
A. Jallow,RB,RB
F. Valenzuela,CM,LM
S. Takahashi,RB,RB
Carles Gil,LM,RM
D. Asprilla,CM,LM
L. Somoza,CM,CB
Enaldo Praz,LB,LB
A. Arregui,CM,RM
G. Vural,LB,LB
Arroyo,RB,RB
Simy,ST,ST
M. Al Amri,LB,LB
A. Stadler,ST,ST
T. Pekhart,ST,ST
M. Rømer,LM,RM
L. Houri,LM,LM
S. Piette,CM,RM
D. Zakaria,RM,RM
R. Frikèche,RM,LM
V. Hoff,CM,RM
A. Lacazette,ST,ST
T. Watt,LW,ST
P. Guiñazú,CM,LM
N. Malić,CB,CB
Filipe Luís,LB,LB
T. Karlsson,CB,CB
Williams,RW,LM
N. Díaz,CB,CB
V. Jacob,CM,LM
Ivanildo Fernandes,CB,CB
B. Kadrii,RW,RM
B. Walker,LM,LM
M. Niang,LM,ST
Magno,ST,LM
L. Zelarayán,CM,LM
A. Reach,LB,LM
J. de Wijs,CB,CB
D. Wheater,CB,CB
N. Aguerd,CB,CB
J. Grbec,ST,ST
Renan Foguinho,RM,LB
V. Camilleri,CB,CB
N. Röseler,CB,CB
G. Nyamsi,CB,CB
E. Finlay,RM,LM
A. Canelo,ST,ST
F. Soldano,ST,ST
M. Barać,CB,CB
F. Gutiérrez,LM,LM
P. Stawarczyk,CB,CB
Fran Pérez,CB,CB
M. Pašalić,RM,LM
R. Šimović,ST,ST
R. De Laet,CB,CB
Cauê,CM,RM
Song Chang Ho,RM,RM
M. Jonjić,CB,CB
S. Rodríguez,LM,LM
J. Morris,LM,LM
A. Wisdom,RB,CB
M. Taylor,ST,ST
L. Parodi,LM,RM
J. Morrow,LM,LB
Joãozinho,LB,LB
D. Alar,ST,ST
O. Giroud,ST,ST
B. Henrichs,CB,RB
F. Viáfara,RB,RB
Allan Bardinho,RM,LM
C. Hussey,LB,LB
J. Riley,RB,RB
B. Avileda,RM,ST
N. Roux,ST,ST
G. De Luca,ST,ST
B. Cargill,CB,CB
R. D'Haese,RW,RM
M. Watkins,RM,LM
R. Beerens,LW,LM
B. van Hintum,LB,LB
H. Stengel,LM,RM
R. Donk,CB,RM
B. Angulo,LB,LB
Joshuando Sá,LB,LB
S. Darbion,RM,LM
N. Pallois,CB,CB
H. Vera,CB,CB
G. Cahill,CB,CB
V. Vanbaleghem,RM,CB
W. Janssen,RM,RM
J. van Overeem,CM,LM
T. Cleverley,CM,RM
A. Rodríguez,ST,ST
S. Schrijvers,LM,LM
N. Chalobah,RM,RM
S. Ring,LB,LB
M. Ferrier,ST,ST
T. Pope,ST,ST
K. Kamara,ST,ST
H. Ruíz,LM,RM
O. Alonso,RM,RM
M. Schnatterer,LM,LM
Iñigo Martínez,CB,CB
A. Semenov,CB,CB
R. Bertrand,LB,LB
N. Das,LB,LB
G. Milović,CB,CB
E. Méndez,RM,RM
G. Bojanich,CB,CB
M. Titsch-Rivero,LM,LM
A. Callens,CB,CB
David Silva,LM,LM
J. Rafferty,RB,RB
S. Cox,ST,ST
S. Schonlau,CB,CB
I. Hutchinson,LM,LM
A. Amade,LM,RM
Fábio Abreu,ST,ST
Thiago Cionek,CB,CB
S. Neumann,CB,CB
K. Overmeire,RM,RM
J. Tabidze,CB,CB
Ó. Romero,LM,LM
G. Espinoza,RM,RM
Giovanni Augusto,CM,LM
Jairo,LM,LM
J. Rane,CM,LM
Bruno Collaço,LB,LB
J. Amoroso,RM,ST
S. Kurata,LM,LM
K. Mina,ST,ST
J. González,CB,CB
S. Sararer,LM,LM
J. Guidetti,ST,ST
K. Bérigaud,LM,LM
D. Braghieri,CB,CB
G. Martirena,RB,RB
N. Maturana,RW,LM
Adeilson Gesser,LW,LM
F. Ugrinic,LM,RM
A. Peñaranda,ST,ST
Iñigo Martínez,CB,CB
M. Raguž,ST,ST
H. Veerman,ST,ST
J. Berrett,LM,RM
J. Delgado,RW,RM
L. Grace,CB,CB
J. Blanco,LM,RM
A. Dembélé,CM,RM
Serginho,RM,LM
B. van Polen,RB,RB
S. Rodríguez,ST,ST
Nicholas Aldair,ST,ST
J. Moore-Taylor,CB,CB
F. Acuña,RM,LM
S. Reddemann,CB,CB
F. Diedhiou,ST,ST
Timo Triano,RM,LM
A. Sheehan,CB,LB
R. Garcia,LM,RM
C. Zapata,CB,CB
E. Haugan,CB,CB
João Pereira,RB,RB
J. Vigón,RM,RM
G. Pizarro,RM,RM
A. Thrándarson,LM,RM
M. Molina,CM,LM
M. Folivi,ST,ST
R. Gómez,LM,LM
P. McNair,CB,RM
Fernandinho Silva,ST,LM
R. Bianco,RM,LM
Ryu Jae Moon,CB,RM
K. Ajer,CB,CB
A. Rochat,CB,CB
R. Millar,LM,RM
Pablo Marí,CB,CB
R. Carrascal,RM,LM
S. Breitkreuz,CB,CB
S. Caulker,CB,CB
Vítor Bruno,LM,LB
N. DeLeon,RM,LM
David Seijalbo,RM,LM
C. Traoré,LB,LB
O. Selnæs,RM,LM
E. Madrez,CB,CB
O. Olomola,RW,ST
R. Lamah,LM,LM
O. Dorley,LB,LB
B. Acosta,CB,CB
A. Jones,CB,CB
C. Coleman,LM,RM
K. Glik,CB,CB
R. Leeuwin,CB,CB
Jota Silva,LW,ST
G. Celis,RM,RM
B. Mee,CB,CB
A. Partipilo,RW,LM
Nazario Serpe,RM,CB
D. Godoy,LM,LM
Silas Almeim,LB,LB
Moi Gómez,LM,LM
D. Pröpper,RM,LM
J. Lopez,RW,LM
T. Nowak,CM,LM
A. Turan,LB,LB
L. Chalmers,LM,ST
N. Haverty,RB,RM
H. Pereira,LM,RM
Edgar,CB,RM
S. Cronin,LM,RM
B. Saller,RB,RB
M. Díaz,LM,RM
R. Noir,LM,RM
Gilberto,ST,ST
R. Krauße,RM,RM
Sidnei,CB,CB
C. Oyaneder,ST,ST
I. Jiménez,RB,RB
A. Thomasson,CM,RM
A. Jansen,LM,RM
N. Elvedi,RB,CB
F. Herbers,RM,RM
Roger,ST,ST
D. Crowley,CM,LM
I. Santini,ST,ST
E. Salvio,RM,LM
T. Christensen,RW,LM
Zaldúa,RB,RB
S. Dann,CB,CB
J. King,LW,ST
Erick Gameira,ST,ST
A. Trubeha,ST,ST
L. Evans,RM,RM
H. Van Der Bruggen,CM,RM
M. Benning,LB,LB
Víctor García,LB,LB
J. Geissmann,RM,RM
R. McGowan,CB,CB
H. Hosogai,RM,RM
S. Williams,LM,LM
P. Schiattarella,RM,LM
H. Castegren,CB,CB
R. Tunnicliffe,RM,RM
F. Tait,LM,LM
A. Plata,ST,ST
Iñigo Martínez,CB,CB
E. Håland,ST,ST
C. Diedhiou,CB,CB
A. Armstrong,ST,ST
D. Escalonas,LM,RM
Edu Ramos,CM,RM
H. Al Shuwaysh,CB,CB
G. Mandjeck,RM,RM
D. Cowan,RM,ST
D. Chará,CM,RM
Chen Zhizhao,RM,LM
Timo Triano,LM,LM
T. Gutiérrez,ST,ST
P. Parzyszek,ST,ST
R. Ramírez,ST,ST
J. Bay,LB,LB
D. De Rossi,CM,CB
Neymar Jr,LW,LM
S. Sané,CB,CB
R. Coly,LB,LB
A. Touré,RM,RM
J. Barroso,CB,CB
Klauss,ST,ST
Leandro,LB,CB
Anderson,RB,RB
S. Gustafson,LM,LM
K. Byrne,LW,ST
R. Camacho,CB,CB
Caio Milaçar,RM,LM
M. Araujo,CB,CB
J. Troisi,LM,LM
A. Frezzotti,RM,RM
D. Sow,LM,RM
B. Watson,LM,RM
J. Martínez,RM,LM
Diego Farías,RW,LM
J. Ampuero,CB,CB
L. Venuti,RB,RB
R. Nicolaisen,CB,CB
G. Torres,ST,ST
De Tomás,ST,ST
F. Al Muwallad,CM,LM
Eugeni,CM,LM
Rodolfo Pittaça,LM,ST
A. Al Zori,LB,LB
T. Šunjić,CB,CB
D. Sikan,ST,ST
K. Bennett,LM,LM
C. Jennings,LM,RM
M. Lustig,RB,CB
D. Williams,LM,RM
N. Ferguson,RB,CB
Y. Al Shahrani,RB,RB
F. Zuqui,RM,RM
Beñat,LM,RM
Lee Yeong Jae,RM,LM
G. Cooper,LB,LM
E. Kwakwa,LM,LM
Q. Jansen,CB,CB
Diego Oliveira,RW,ST
M. Britos,CB,CB
A. Henley,LB,RB
Lucas Souza,CM,RM
C. Sørensen,LB,LB
A. Ugarriza,ST,ST
David Navarro,CB,CB
F. Nájera,CB,CB
A. Bernardini,CB,CB
S. Johansen,CB,CB
D. Starkl,RM,ST
R. Donk,LM,RM
C. McLaughlin,RB,RB
M. Jones,RM,RM
M. Leitsch,CB,CB
N. Ajose,ST,ST
Osvaldo Lodeiro,CB,CB
F. Greilinger,ST,LM
A. Barreca,LB,LB
J. Grimes,CB,CB
Nélson Lenho,LB,LB
J. Horsfield,RB,RM
Luisinho Conradi,LB,LB
E. Kılınç,LM,LM
João Teixeira,RM,RM
J. Huentelaf,LW,ST
S. Cosgrove,ST,ST
Marquinhos,RW,LM
J. Kauko,RM,RM
I. Lebedenko,LM,ST
P. Strand,CM,RM
H. Shipp,RM,LM
Son Joon Ho,RM,RM
M. Hughes,CB,CB
K. Junker,ST,ST
M. Taylor,ST,ST
M. Halsti,CM,RM
M. Gajić,RM,LM
S. Welsh,CB,CB
S. Lusiusz,RM,RM
Fábio Melitinho,CM,LM
M. Murzaev,RM,ST
S. Grandsir,RM,RM
J. Akinde,ST,ST
Fábio Nunes,LM,LB
Wang Fei,RM,RM
R. Thomas,CM,LM
Y. Moreno,LM,LM
J. Mæhle,RB,RB
Y. Al Mozairib,LB,ST
L. Karaboué,LB,LM
A. Cubas,CM,RM
Steven Vitória,CB,CB
N. Foor,LM,LM
V. Fischer,ST,LM
L. Zuffi,LM,LM
T. Mrčela,CB,CB
O. Gnjatić,RM,RM
C. Knasmüllner,CM,LM
S. Sosa,LM,LM
F. Suárez,ST,ST
Quique,ST,RM
S. Palacios,RW,LM
V. Janjičić,RM,RM
Itaitinga,RM,ST
Agus,CB,CB
A. Doninelli,LM,RM
B. Cabezas,LM,LM
A. Auassar,CM,LM
Álex Berenguer,LM,RM
J. Hyka,CM,LM
Jesús Imaz,CM,LM
P. Arriola,RM,RM
Danilo,CB,CB
Zhang Linpeng,RB,RB
M. Bordeianu,LM,RM
B. Jaroch,RB,RB
Fernandinho,RM,LM
R. Alvarado,RM,LM
J. Vidović,CB,CB
M. Hauptmann,RM,LM
L. Cano,LW,LM
L. Rose,RB,RM
R. Braña,RM,RM
P. Djilobodji,CB,CB
M. Clark,LB,LB
Gwon Wan Gyu,CB,RB
A. Jędrzejczyk,CB,CB
B. Mendy,LB,LB
M. Boman,ST,ST
C. Lobella,LM,LM
F. Ballas,CB,CB
S. Rodríguez,RM,LM
J. Ortiz,RM,RM
M. Harnik,RW,ST
Y. M'Changama,RM,LM
L. Falcone,LM,LM
S. McConville,LM,RM
V. Le Goff,LB,LB
M. Kirkeskov,LB,LB
A. Laporte,CB,CB
A. Masuaku,LB,LB
M. Dräger,RB,RB
T. Heubach,CB,CB
T. Lorch,RW,RM
J. North,CB,CB
R. Brégerie,CB,CB
D. Perotti,RW,LM
Hernán,LM,RM
M. Waghorn,ST,ST
S. Souprayen,LB,LB
T. Kehrer,RB,CB
K. Djidji,CB,CB
J. Monroy,RB,RB
R. Slevin,CB,LB
R. Varane,CB,CB
D. Nagbe,LM,LM
P. Celeban,CB,CB
Roberto Lago,LB,LB
L. Nilsen,LB,LB
J. Cassidy,ST,ST
Sim Sang Min,LB,LB
R. Hunt,LB,RB
A. Coly,RB,RB
A. Chedjou,CB,CB
A. Fukumori,CB,LB
M. Díaz,LM,LM
J. Kauko,LM,RM
L. Kruspzky,LB,LB
W. Alarcón,LM,RM
R. Duffy,CB,CB
L. Baker,LM,LM
C. Wheeler,LB,LB
L. Bender,RB,RM
A. Granqvist,CB,CB
A. van den Hurk,ST,ST
J. Swift,CM,LM
Lee Keun Ho,RW,ST
S. Nieuwpoort,CB,CB
J. Augustinsson,LB,LB
C. Vivas,CB,CB
P. Groß,RM,LM
J. Raitala,LB,LB
J. Lindseth,LM,RM
D. González,CB,CB
D. Williams,RM,RM
Y. Kobayashi,RM,LM
R. Cretaro,RW,ST
Pedro Capó,CM,RM
Mauro Riboas,RM,LM
H. Palacios,RB,RB
M. Velásquez,CB,CB
A. Franco,CB,CB
B. Karadeniz,ST,ST
J. Van Hecke,LM,LM
A. Barberis,LM,RM
O. Pineda,RW,RM
T. Pett,RM,LM
Ríos,LM,LB
D. Hashioka,RM,RM
A. Rosina,CM,LM
K. Grosicki,RM,RM
Otávio Cairinho,CB,CB
D. Batubinsika,CB,CB
R. Tait,LB,RB
J. Mosquera,RM,RM
Soares,RM,RM
Cesinha,ST,LM
A. Totovytskyi,RM,LM
D. Vida,CB,CB
Del Moral,RM,RM
C. Guzmán,RB,RB
A. Cambiaso,LM,LB
Lourival Dinisco,CB,CB
Wellington Sabrão,LB,CB
M. Arnautović,ST,ST
Q. Moll,RM,LM
D. Niwa,CB,CB
M. Ricci,CM,RM
M. Dembélé,ST,ST
D. Cotterill,RM,LM
R. Smallwood,RM,RM
R. Singh,LB,LB
A. Barrios,CB,CB
I. Magnusson,RB,RB
D. Khocholava,CB,CB
T. Penninkangas,CB,CB
L. Wakefield,RB,CB
A. Farrell,RB,RB
Laure Santeiro,LM,LM
Víctor Rodríguez,CM,LM
Miguel Lopes,RB,RB
J. Maxwell,LB,LB
D. Hediger,RM,RM
F. Sánchez,RB,RB
R. Thomas,LM,LM
Aarón Martín,LB,LB
B. Sagredo,CM,LM
Y. Benzia,CM,LM
K. Hidalgo,CB,RM
N. Radoja,CM,RM
O. Jäckle,CB,CB
F. Chiesa,RW,LM
L. Kelly,RM,RM
Luquinhas,RM,LM
Y. Ota,RM,RM
Aleix Febas,RM,LM
K. Gehring,CB,CB
E. Ofori,LM,LM
J. Tavernier,RB,RB
S. Ward,LB,LB
Paulo Oliveira,CB,CB
J. Marulanda,RB,RB
I. Ugbo,ST,ST
Maracás,CB,CB
İ. Gündoğan,RM,LM
J. Hunt,RB,RB
P. Tachtsidis,LM,LM
Kim Tae Hwan,RB,RB
I. Obradović,LB,LB
I. Fernández,RM,LM
S. Adegbenro,LW,LM
C. Gallagher,LM,RM
J. Wakefield,LM,RM
A. Reach,LB,LB
T. Pettersson,CB,CB
M. Angeleri,CB,CB
F. Bustos,RB,RB
T. Smith,CB,CB
H. Maguire,CB,CB
E. Caffrey,CM,LM
J. Gaspar,RB,RB
E. Boyle,RM,RB
Laguardia,CB,CB
Lee Kyu Ro,RB,RB
Gerso,RW,RM
B. Mechele,CB,CB
J. Faty,CB,CB
Jozabed,LM,LM
Ewerton,RM,RM
C. Villagra,ST,ST
M. Amundsen,CB,CB
C. González,ST,ST
I. Sissoko,LM,RM
J. Tarkowski,CB,CB
D. Luxbacher,LM,LM
A. Al Zori,LB,LB
Y. Hadji,ST,ST
J. Cardona,LM,LM
J. Wright,LM,LM
E. Villa,ST,ST
A. Barnes,ST,ST
F. Krogstad,LM,RM
Fofo,LW,ST
J. Zea,RB,RB
L. Owusu,CM,RM
S. Şentürk,ST,ST
W. Serrano,RM,RM
F. Grillo,LB,CB
Thiago Santana,ST,ST
J. Veltman,CB,CB
E. Del Prato,LB,RB
R. Pröpper,CB,CB
Padilhisco,LB,LB
S. Ascacíbar,LM,RM
B. Rodríguez,LW,LM
Duirval Diniz,CB,CB
P. Lahm,RB,RB
J. Aspropotamitis,CB,CB
J. Greaves,CB,CB
J. Svensson,RB,RB
E. Derdiyok,ST,ST
N. Vemmelund,CB,CB
P. Visconti,LB,LB
C. Brunt,LM,LM
A. Farrell,CB,RB
T. Sana,ST,LM
Leo Caldeirinha,LM,ST
S. Nurković,ST,ST
M. Welch-Hayes,RB,RB
A. Samedov,RM,RM
D. Rose,ST,ST
D. Valdés,LM,LM
Borja Valle,LM,RM
J. Müller,RM,RM
M. Leckie,RM,RM
H. Rojas,RM,LM
S. Kowalczyk,LM,LM
V. Jónsson,RM,RB
C. Kane,ST,ST
Angeliño,LB,LB
E. Valderrey,LM,RM
Í. Jóhannesson,RM,LM
T. Meunier,RB,RB
F. Fabre,RM,RM
R. Hardie,ST,ST
Neymar,LW,LM
T. Parker,CB,CB
E. Küc,LW,LM
C. Byrne,RM,RM
B. Smeets,CM,RM
D. Criscito,LB,LB
B. Spittal,RM,RM
T. Eriksson,LM,RM
K. Balanta,LM,RM
J. Aquino,LM,RM
A. Gouiri,ST,LM
S. McDonald,ST,ST
J. Swift,CM,LM
Filipe Ferreira,LB,LB
H. Paul,RB,CB
L. Barrios,ST,ST
A. Mbengue,LB,LB
J. Obi,LM,LM
J. Murray,ST,ST
J. Forrest,RM,LM
D. Alfei,RB,RB
P. Barrios,RB,RB
Bernard,LM,LM
Park Jung Soo,RM,RM
J. Céspedes,LB,LB
D. Kreilach,LM,RM
C. Basham,RM,RM
M. Deplagne,RB,CB
J. Tesselaar,LB,LB
J. Irvine,RM,RM
M. Pucciarelli,ST,ST
K. Touré,CB,CB
Otávinho Vila,RM,RB
J. Doherty,CB,RM
R. Taylor,ST,ST
M. Ardemagni,ST,ST
V. Golemić,CB,CB
K. Paal,LB,LB
D. Welbeck,ST,ST
M. Rashford,LM,ST
J. Standfest,RM,RB
Ramón da Almeyda,LB,LB
J. Leborgne,RM,RB
M. Ritchie,LB,LM
Elias Fontoira,LM,RM
W. Suwayyid,LB,LB
T. Sušić,LM,LM
Álvaro García,LM,LM
S. Hagen,CB,CB
Marcos Paneira,RM,RM
L. Verna,LM,RM
José Machín,RM,RM
C. Cuesta,CB,CB
Fernández,RB,RB
Y. Asad,LM,RM
B. Garrity,RM,LM
J. Fernández,LM,LM
N. Asare,CB,LB
E. Adams,CM,RM
O. Romeny,LM,ST
O. Hawsawi,CB,CB
Iván González,CB,CB
J. Pinola,CB,LB
Y. Sylla,CM,RM
Y. Misao,CB,LB
Kwon Chang Hoon,LM,LM
I. Cissé,CB,RB
B. de Nooijer,LB,LB
M. Keane,CB,CB
M. Braithwaite,RW,ST
G. Berggren,LM,RM
A. Jackson-Hamel,RM,ST
A. Sauthier,RB,RB
O. Halvorsen,RM,RM
A. López,LB,LB
J. Sorbon,CB,CB
J. Stones,CB,CB
A. Witsel,LM,RM
E. Upson,LM,LM
P. Souaré,LB,LB
N. Næss,CB,RM
F. Moubandje,LB,LB
Mano,RB,RB
P. Weihrauch,RM,ST
E. Adebayor,ST,ST
K. Fortuné,LM,ST
S. Muwashar,LM,LM
Jang Yun Ho,LM,RM
A. Ciranni,RB,RB
J. Meneses,LM,LM
F. Fabra,LB,LB
K. Chiba,CB,CB
D. Mottley-Henry,RM,RM
N. Milenković,CB,CB
J. Meza,LM,RM
A. Niz,RB,CB
Erik,LB,LB
P. Wiesinger,LM,LB
H. Rodríguez,RM,LM
C. Kum,CB,CB
L. Norris,ST,ST
M. Fernández,LM,LM
M. Coda,ST,ST
C. Evans,LM,RM
J. Drachmann,CM,RM
B. Galloway,CB,CB
I. Sangaré,CM,RM
M. Caldara,CB,CB
P. Kanstrup,CB,CB
J. Horn,LB,LB
I. Ochoa,RM,RM
Miguel Rosa,LM,LM
L. Beevers,LB,CB
F. Al Rashidi,RM,RM
F. Lustenberger,LM,CB
N. Pépé,RM,LM
G. Williams,RB,RB
M. McGuane,RM,RM
Z. Stieber,LM,LM
V. Rama,LM,LM
Anselmo,CM,RM
H. Furebotn,RM,RM
T. Petsos,LM,RM
N. Sánchez,CB,CB
M. Ginter,CB,CB
L. Godoy,RB,RB
Rodolfo,CM,LM
S. Rosted,CB,CB
W. Ayoví,LM,LM
W. Moke,CB,RB
G. Corral,RB,RB
R. Lundström,RB,RB
B. Paulsen,CB,CB
R. Ogawa,LB,LB
A. Pérez,RB,RB
J. Fleck,CM,LM
M. Dossevi,RM,LM
L. Emini,LM,RM
N. Gunnarsson,RB,CB
P. Wszołek,RB,RM
I. Malcorra,CM,LM
M. Abdel Monem,RM,ST
L. Klünter,RB,RB
F. Manríquez,RM,RM
P. Madden,LW,ST
G. Ray,CB,CB
Y. Poulsen,ST,ST
J. Botaka,RM,LM
L. Chiaretti,RW,LM
F. Kiss,CM,RM
L. Annese,RW,ST
W. Collar,RM,RM
André Horta,LM,LM
R. Augustyniak,CB,RM
D. Rodney,ST,ST
M. Maak,CB,CB
I. Tajouri-Shradi,RM,RM
M. Liendl,CM,LM
S. Madden,RB,RB
R. Ghoochannejhad,ST,ST
R. Capellini,CB,CB
P. Rodríguez,RW,LM
O. Bozanic,LM,LM
Jadson Vidigal,ST,ST
N. Dyer,RM,LM
Y. Otsu,ST,LM
A. També,RB,RB
L. Ajorque,ST,ST
E. Pieters,LB,CB
J. Hooper,LM,ST
R. Fernández,LW,LM
M. Żytko,CB,RB
Douglas,RB,RB
T. Derijck,CB,CB
I. Ivanov,CB,CB
S. Gnabry,RM,LM
R. Knoche,CB,CB
J. Lawrence,CB,CB
S. Bakari,LW,RB
Oh Ban Suk,CB,CB
M. Pode,ST,ST
I. Filip,LM,CB
M. Ødegaard,CB,CB
B. Šerbečić,CB,CB
V. Wormgoor,CB,CB
J. Stage,RM,RM
S. Sefil,CB,CB
M. Fall,RM,RM
A. Hahn,RM,RM
T. Pukki,ST,ST
J. Hoffman,LB,CB
E. Ruud,RB,RB
I. Chair,LM,LM
Joelinton,ST,ST
D. Lazić,CB,CB
M. Bola,LB,LB
Barragán,RB,RB
R. Ramírez,ST,ST
Fábio Silva,ST,ST
K. Hoggas,CM,LM
K. Bakırcıoğlu,LM,LM
G. Hachen,RM,ST
H. Belkebla,RM,RM
K. Pierie,CB,CB
H. Kryeziu,RM,RM
T. Ndoro,ST,ST
C. Kramer,LM,RM
D. Ulvestad,CB,CB
Javier Espinosa,RM,LM
L. Rosier,LM,RM
Q. Bernard,LB,LB
André Ramalho,CB,CB
Lincoln,CM,RM
A. Ignjovski,RB,RB
O. Khan,CM,RM
G. Bergessio,ST,ST
M. Vrančić,LM,LM
M. Pasqual,LB,LB
J. Elez,CB,CB
Cristiano,ST,RM
E. Robson,CM,LM
J. Brooks,CB,CB
A. Pattison,RW,RM
S. Fofana,LM,LM
W. Jordán,ST,ST
Daniel Sobralense,RM,LM
P. Haglund,ST,RM
L. Vella,RB,RB
T. Gjertsen,LW,LM
M. Rossmann,CB,CB
T. Cordner,CB,CB
F. N'Ganga,LB,LB
J. Fuenzalida,RW,RB
E. Jiménez,ST,ST
J. Morrow,LM,LB
E. Imorou,LB,LB
O. Halvorsen,RM,RM
H. Hauger,LM,RM
S. Foley,RM,RM
G. Machín,RM,RM
L. Stindl,CM,LM
M. Etame,RM,ST
A. Hahn,RM,RM
S. Deli,CB,CB
M. Camara,CM,RM
K. Miller,ST,ST
T. Kiš,RW,ST
D. Pines,CB,CB
A. Kamara,ST,ST
E. Velarde,LB,LB
T. Gebre Selassie,RB,RB
A. Bannink,CM,RM
J. Skarz,LB,LB
Ander Herrera,LM,RM
Jessé Ledeiro,CM,LM
F. Andone,ST,ST
B. Al Mutairi,LB,LB
Eguaras,RM,RM
J. Earing,CM,LM
De La Fuente,CB,CB
D. Blind,CB,LM
S. Ishizaki,RM,LM
A. Fein,CM,LM
M. Valenzuela,LB,LB
M. Chiosa,CB,CB
J. St. Juste,CB,CB
J. Lucero,ST,ST
P. Mantalos,CM,LM
T. McMahon,RB,RB
E. Pulgar,CM,RM
M. Eikrem,CM,LM
U. Celcer,LB,LB
R. Insigne,RM,LM
L. Ferguson,RM,LM
T. Børven,ST,ST
Y. Zhirkov,LM,LB
Murilo,RW,RM
H. Khabra,CB,RB
J. Sagredo,CB,CB
B. Williamson,ST,ST
E. Hernández,LM,LM
C. Mavinga,CB,CB
Alvildo Sousa,CM,LM
M. Cranie,RB,CB
A. Alcaraz,CB,CB
S. Inagaki,RM,RM
S. Ristovski,RB,RB
G. Gönül,RB,RB
A. De Sart,RM,RM
M. Sanders,RM,RM
K. Stewart,LM,RM
S. Hraiech,CM,LM
K. Tagawa,ST,ST
N. Omladič,RM,LM
F. Portillo,LM,RM
S. von Bergen,CB,CB
João Aurélio,RB,RB
Luis Couprins,CM,RM
Pablo Maffeo,RB,RB
J. Ayoví,ST,ST
Eltildo Correia,CB,CB
N. Thomas,LW,LM
A. Pieper,CB,CB
A. Barada,RM,RM
A. Derviševič,CM,CB
D. Furman,CM,RM
R. Takeuchi,LM,RM
D. Appiah,RB,CB
E. Rodríguez,CB,RM
V. Guzmán,CB,CB
Botía,CB,CB
I. Hayden,CM,RM
Kim Yong Tae,LM,RM
S. Medina,CM,CB
C. Dawson,RB,CB
A. Franco,CB,CB
F. Escobar,RB,RB
S. Tibbling,RM,RM
C. Despredal,LM,RM
P. Chaudhari,CB,CB
D. Hanslik,LM,ST
T. Sparv,LM,LM
Fred Soidares,LB,CB
D. Wotherspoon,RM,RB
Ji Xiang,RB,RB
C. Nhamoinesu,LB,LB
M. Tillman,ST,ST
W. Chalá,LM,ST
K. Conboy,LB,LB
I. Vásquez,RM,RM
U. Garcia,LB,LB
J. Garner,ST,ST
O. Duda,CM,LM
E. Lira,LM,RM
Jaume Costa,LB,LB
P. Clarke,CB,CB
M. Salem,CB,CB
R. Haynes,LB,LB
W. Soleto,CB,RB
E. Pulgar,CM,RM
Regalón,CB,CB
L. Johnsen,RM,RM
L. Vangioni,LB,LB
M. Beevers,CB,CB
O. Omoijuanfo,ST,ST
S. Maierhofer,ST,ST
David García,CB,CB
R. Bensebaini,LB,CB
S. Ristovski,RB,RB
A. Ariano,CB,CB
N. Valdez,LM,ST
Juanjo Nieto,RB,RB
I. Coronado,CM,LM
E. Ćivić,LB,LB
M. Wöber,CB,CB
P. Mantalos,ST,LM
A. Lusamba,CM,RB
M. Turner,CB,CB
Odriozola,RB,RB
S. Mölders,ST,ST
E. Crivelli,ST,ST
N. Storm,LW,LM
Ivo Rodrigues,RM,LM
A. Gnahoua,RW,ST
M. Uslu,LB,LB
L. Lindsay,CB,CB
N. Hoffmann,CM,CB
S. Schwab,RM,LM
F. Downes,LM,RM
F. Apaolaza,ST,ST
N. Murru,LB,LB
C. Hansen,CB,CB
R. Mahrez,RM,LM
J. Phojo,RB,RB
D. Stotskiy,RM,RM
Adnan Vidual,CB,CB
M. Lustig,RB,CB
S. Taïder,LW,RM
Antoñito,RB,RB
B. Utvik,CB,CB
M. Massop,LB,LB
A. Gignac,ST,ST
G. Molloy,CM,RM
Y. Tielemans,RM,LM
Bruma,RM,LM
J. Cullen,RM,RM
F. Melchiorri,ST,ST
Kim In Han,RW,RM
M. Jedinák,LM,RM
K. Musona,LM,LM
Nenê,ST,ST
S. Uçan,CM,LM
E. Butin,ST,ST
C. Goldson,CB,CB
F. Haroun,CM,RM
Yoon Jong Gyu,RB,RB
B. Risa,LB,LM
D. Fage,RM,LM
G. Miller,ST,ST
F. Gulbrandsen,ST,ST
Rafael Silva,RM,LM
M. Hairston,RB,RM
Seo Bo Min,LM,RM
Lucas Mineiro,LM,RM
Cristiano Ronaldo,LW,ST
S. Moutoussamy,LM,LB
J. Danley,LM,CB
M. Dijks,LM,LB
D. Dąbrowski,RM,RB
S. Vittor,CB,CB
M. Bodmer,CB,RM
Yuan Mincheng,CB,CB
B. Whitfield,LM,LM
F. Ojo,CM,RM
D. Rosero Valencia,CB,CB
L. Lerager,RM,RM
Víctor Ruiz,CM,LM
R. König,ST,ST
L. Blessing,RM,RM
G. Mackay-Steven,RM,LM
Jang Hak Young,LB,RB
N. Nkoulou,CB,CB
Roger,CM,CB
A. Glennon,LB,LB
A. Carrasquilla,RM,RM
F. Torres,LM,LM
A. Seko,CB,CB
P. Karlsson,CB,CB
P. Kirkevold,ST,ST
Gonzalo Verdú,CB,CB
F. Kudryashov,CB,LB
Bobô,ST,ST
R. Quioto,LW,ST
M. Blažič,CB,CB
W. Nightingale,CB,CB
L. Ajorque,ST,ST
O. Gonzalez,CB,CB
H. Palacios,RM,RB
A. Turan,CB,CB
K. Dankowski,RB,RB
T. Jacobsen,LM,RB
V. Torosidis,LB,RB
M. Neumayr,ST,LM
J. Taylor,RM,LM
D. Delgado,RM,RB
S. Griesbeck,RM,CB
I. Lichnovsky,CB,CB
Rodrigo,RB,RB
Alvaro Rey,RM,RM
J. Lukaku,LW,LB
G. Tomlin,RM,ST
I. Sosa,LW,LM
F. Cardozo,LM,LM
R. Boissier,LM,RM
L. Diarra,LM,RM
R. Taylor,LM,RM
Á. Sagal,ST,LM
G. Pellè,ST,ST
A. Fulgini,LM,RB
Undabarrena,CM,RM
G. Williams,CB,RB
G. Bong,LB,LB
M. Gradel,LM,LM
F. Mrzljak,RM,RM
L. Martínez Quarta,CB,CB
L. Stellwagen,LB,LB
Borja Iglesias,ST,ST
T. Puangchan,RW,RM
C. Günter,LB,LB
M. Al Buraik,RB,RB
R. Funes Mori,ST,ST
Arambarri,CB,CB
B. Nelson,CB,CB
T. Dolan,RW,LM
L. Amarilla,ST,ST
P. Lugüercio,RM,ST
G. Castro,RW,RM
M. Yamane,RB,RB
Francisco Júnior,LM,RM
C. John,CB,LB
S. Bojang,RB,RB
E. Segura,CB,CB
J. Rodríguez,CB,CB
B. van Rooij,RB,RB
J. Restrepo,LM,RM
M. Domański,LM,RM
M. Desler,RB,LM
Silvio,CM,ST
S. Luštica,RM,LM
F. Sambueza,RM,RM
P. Klingmann,RB,RB
R. Wood,CB,CB
M. Pavkov,ST,ST
S. Agouzoul,CB,CB
K. Walker,RB,RB
Y. Vílchez,RB,CB
A. Fransson,RM,RM
B. Petkovic,ST,ST
T. Barnett,ST,ST
N. Tsaroulla,LB,LB
K. Dawson,LM,RM
Satrústegui,CB,CB
Iago,CB,CB
C. Cásseres Jr,LM,RM
T. Craig,CB,CB
I. Baba,CM,RM
J. Cork,RM,RM
M. Raynes,CB,CB
G. Baldock,RB,RB
N. Burns,RW,RM
S. Gleeson,RM,RM
K. Keleş,LB,LB
L. Abubakar,CB,CB
J. Gundersen,CB,CB
C. Baeza,RM,RM
R. Sambueza,CM,LM
E. Zejnullahu,RM,LM
A. Moreno,ST,ST
L. Sané,CB,CB
N. Onuoha,CB,CB
B. Diakité,CB,CB
J. Aldegrisa,LB,LB
D. Kadah,CM,ST
Pei Shuai,CB,CB
E. Trejo,LM,LM
L. Justiniano,LM,RM
G. Miura,CB,CB
Trashorras,CM,RM
T. Matavž,ST,ST
R. Boguski,RM,ST
D. Cavaré,RB,RB
Elsinho,RB,RB
C. McGregor,LM,LM
Joaquín,RM,RM
M. Sordell,ST,ST
L. Schwechlen,CB,CB
S. Doukara,LW,ST
R. Caroca,CB,RB
Douglas,ST,ST
Wendell,LB,LB
D. Kownacki,LM,ST
K. Etuhu,CM,RM
Felipe,RM,RM
M. Rasner,LM,RM
D. Marcq,LM,CB
R. Ledson,RM,RM
E. Fryers,LB,LB
N. Ferreira,LM,RM
M. Koscelnik,RB,RB
A. Ben Mohamed,LM,LB
Ye Chongqiu,CM,RM
J. Hamill,CM,RM
Gao Zhunyi,CB,CB
R. Bianco,RM,RM
Fernando,CM,RM
K. Yamada,LM,RB
M. Volta,CB,CB
H. Salinas,LB,LB
D. Barinov,LM,RM
M. Dube,RB,RB
G. Pereiro,LW,ST
R. Brosco,CB,CB
R. Lamie,CB,CB
A. Frączczak,RB,RB
D. van Mieghem,LW,LM
Kim Young Wook,LM,RM
A. Bonnet,LW,LM
I. Bebou,RM,LM
M. Besler,CB,CB
Eltildo Correia,CB,CB
Y. Ideguchi,CM,RM
R. Delgado,LB,LB
J. Collins,ST,ST
R. Krauße,RM,RM
D. Gorter,LB,LM
B. Pichler,LM,ST
A. Cresswell,LB,LB
A. Alegre,CB,CB
G. Teigl,RB,RB
Campaña,LM,LM
M. Coco,LM,LM
Nando,RM,LM
L. Mosquera,LB,LB
S. Jamieson,LB,LB
E. Hysaj,RB,RB
Bruno,LM,LM
L. Engel,LB,LB
Davi Parrela,CB,CB
A. Harit,LM,LM
C. Goldson,CB,CB
S. Hedlund,LW,LM
A. Wilbraham,ST,ST
Marco Baixinho,CB,CB
C. Winchester,LM,RM
K. Yoshimoto,CB,CB
N. Khacef,LB,LB
E. Ambrose,CB,CB
P. Netzer,CB,CB
Y. Armougom,LB,LB
T. Bifouma,RM,ST
J. Varela,RM,LM
P. Alikin,CB,CB
M. Figueroa,ST,ST
T. Siwe,LB,RB
S. Mantom,LM,RM
W. Bruin,ST,ST
R. Ureña,LM,RM
R. Robinson,LM,ST
J. Corona,RM,LM
N. Lavanchy,RM,RB
J. Düker,ST,ST
João Amaral,CM,LM
D. Toth,LM,LM
J. Brown,ST,LM
J. Guðmundsson,RM,LM
A. Ademi,LM,RM
J. Briand,ST,ST
D. da Costa,RM,RB
M. Silvestre,CB,CB
R. Vormer,RM,RM
J. Ryan,RM,RM
B. Berisha,ST,ST
K. Al Kaabi,RM,RM
Fernando Fonseca,RB,RB
G. Wikheim,LW,RM
S. Mmaee,CB,CB
C. Stuani,ST,ST
S. Kjær,CB,CB
B. Valdez,CB,CB
C. Stokes,LB,CB
Gu Bin,RM,LM
D. Pelkas,CM,LM
Lee Kwang Sun,CB,CB
Park Jin Sub,CB,CB
M. Mirahmetjan,RM,LB
M. Aoulad,RM,LM
L. Bertone,LM,RM
Kijera,CB,LB
L. Laing,CB,CB
Aythami Artiles,CB,CB
R. McCormack,ST,ST
M. Kempf,CB,CB
M. Coda,ST,ST
D. Arreola,CB,LB
S. Ingolitsch,RB,RB
Marcelo,LB,LB
Guo Hao,CM,RM
S. Abreu,ST,ST
C. Deac,RW,LM
I. Fossum,RM,RM
F. Tingager,CB,CB
M. Done,ST,LB
Juli Freitinho,CB,CB
F. Loshaj,LM,LM
D. Pender,RB,RM
D. Christensen,LB,LB
B. Djité,ST,ST
K. Szcześniak,CB,CB
J. Pinola,CB,LB
Alemão,CB,CB
A. Estupiñán,LM,RM
R. Watson,CM,LM
R. Connolly,LM,LB
D. Morales,CM,LM
P. Bauer,CB,CB
K. Rosenberry,RB,RB
Y. Gomis,ST,ST
G. Caprari,ST,LM
M. Gonalons,CM,RM
A. Prijović,ST,ST
S. Fischer,CB,CB
F. Rodríguez,CB,CB
J. Rasmussen,CB,CB
K. Lee,RM,RM
Zainadine,CB,CB
Jo Young Cheol,LM,RM
D. Pollet,ST,ST
R. Pereyra,CM,RM
F. Calvo,CB,CB
H. Cid,RM,RM
M. Chemin,CB,CB
L. Kwadwo,LB,CB
M. Niakhaté,CB,CB
D. Rubio,ST,ST
K. Dempsey,RM,LM
A. Čolak,ST,ST
Rosberto Dourado,RM,RM
J. Hessenthaler,RM,RM
B. Barry,RB,RB
C. Marshall,CB,CB
E. Scheel,LM,LM
L. Blas,CM,LM
Lucas Tagliapietra,CB,CB
E. Legati,CB,CB
E. Bergström,CB,CB
P. Bochniewicz,CB,CB
R. Aabid,LM,RM
D. Ernst,RB,RB
L. Vásquez,RM,CB
Y. Ravet,RM,RM
A. Büttner,LB,LB
H. Badstuber,CB,CB
Liao Chengjian,RB,CB
G. Mhango,ST,ST
Laure Santeiro,LM,LM
B. Hämäläinen,CB,LB
B. Sheaf,CM,RM
S. Fürstner,RM,RM
M. Efete,RB,RB
E. Višća,RM,LM
Carles Martínez,RM,RM
J. Reeves,LM,RM
J. Maddison,LM,LM
P. Kasami,RM,LM
R. Norrington-Davies,CB,LB
G. van der Wiel,RB,RB
I. Hayden,RM,RM
O. Sorg,RB,RB
Bruno Fernandes,CM,LM
Marcão,ST,ST
Li Tixiang,CB,RM
B. Osborn,LM,LM
P. Madden,ST,ST
M. Lacen,LM,LM
S. Cuthbert,CB,CB
J. Doku,RM,LM
J. Weir,LM,RM
A. Maxim,CM,LM
V. Vada,RM,RM
H. Okuno,RM,RM
Sergio Busquets,CM,LM
H. Al Jubairi,RB,CB
Alexis,CB,CB
S. Adegbenro,ST,ST
M. Tchokounté,ST,ST
S. Mattila,RM,RM
N. Nikolić,ST,ST
R. Celis,LM,LM
G. Denis,ST,ST
Danilo,LB,LB
M. Duffard,CM,RB
D. Latza,LM,RM
R. Babel,LM,ST
A. Miranchuk,CM,LM
Davo,LM,LM
J. Une Larsson,CB,CB
Sergio Molina,LM,RM
A. Canelo,LW,ST
M. Hornschuh,CB,CB
S. Thomas,LW,RM
G. Hoarau,ST,ST
J. Brekalo,LM,LM
M. Wakaso,CM,LB
L. Phiri,RM,RM
Sergi Roberto,RB,RM
K. Stöger,CM,LM
F. Kudryashov,CB,LB
M. Milec,RB,RB
L. Muñezal,LB,LB
J. Correa,ST,ST
F. Rasmussen,LB,CB
J. Tabb,LM,LM
A. González,LM,LM
J. Chicco,RM,LM
O. Alonso,RM,RM
D. Gallagher,CB,CB
Babanco,LM,LB
P. Lima,CM,RM
S. Ascacíbar,RM,RM
L. Ariaudo,CB,CB
B. Bourigeaud,RM,RM
L. Sigali,CB,CB
A. Cissokho,LB,LB
C. Lyons,ST,ST
G. Breinburg,LM,LM
F. Alonso,CB,CB
D. Mohamed,LB,LB
Lu Wenjun,LW,ST
A. Yaşar,LB,LB
R. Matos,RW,ST
Tiago Gomes,LB,LB
P. Bourdin,CB,CB
Pascoal Muscato,LM,RM
S. Mijailović,LM,RM
M. Ross,CB,CB
S. McDonald,RW,ST
L. Nordås,ST,ST
F. Tardieu,LM,RM
C. Yacob,CM,RM
G. Perrin,LM,LM
P. Højbjerg,RM,RM
R. Ortiz,LM,LM
S. Posch,CB,CB
D. Ba,ST,ST
A. Rami,CB,CB
Y. Sabaly,RB,RB
K. Antonsen,LB,LB
A. Stevanovic,LW,RM
C. Daniels,LB,LB
S. Vega,RB,RB
A. Ömür,RM,RM
Carlos Caballero,RM,RM
M. Barrow,LW,LM
J. Vestergaard,CB,CB
G. Gentile,LM,LM
T. Watt,ST,ST
Zhang Wei,ST,ST
Kim Bo Kyung,LM,LM
Y. Sylla,LM,RM
P. Heise,LB,LB
João Basso,CB,CB
A. Parsons,RW,LM
A. Heggebø,ST,ST
Césario Figueirido,CB,CB
N. Ioannou,LB,LB
S. Jovetić,ST,ST
G. Fochive,CM,RM
L. Stindl,ST,LM
Rodrigo Martins,LW,LM
G. Clichy,LB,LB
Emerson Avintes,RM,LM
Diego Galo,CB,CB
Maurides,ST,ST
D. O'Connor,LB,CB
J. Melling,RM,RM
B. Bereszyński,RB,RB
L. Landre,CB,CB
S. Bone,RM,CB
T. Dieng,LM,RM
A. Ribera,RM,RM
Juan Jesus,LB,CB
S. Driussi,ST,ST
A. Djiku,CB,CB
A. Bonnet,LM,LM
H. Martínez,CB,CB
K. Molino,RM,ST
J. Brown,CB,RB
L. Mancuso,LW,ST
L. Pavoletti,ST,ST
Santi Mina,RW,ST
S. Di Carmine,CM,ST
Y. Poulsen,ST,ST
N. Maksimović,CB,CB
G. Sakai,LB,RB
O. McBurnie,ST,ST
João Talocha,LB,LB
R. Kruys,RM,RM
Song Seung Min,ST,ST
M. Johnson,LB,LB
H. Aleesami,LB,LB
A. Yildirim,RW,LM
M. Bruno,LM,LM
V. Bolina,LM,LM
R. Gershon,CB,CB
D. Warmerdam,LB,LB
D. Koukou,RM,RM
Elias Fontoira,LM,RM
D. Oko,CB,CB
J. Brea,LM,LM
M. Sanson,LM,RM
M. Lorenzen,LW,RM
C. Fandrich,LM,LM
D. Cavaré,RB,RB
Fredditinho,ST,ST
L. Ayling,CB,RB
M. Diaw,LM,LM
D. Drocco,LM,RM
Felipe Curcio,LB,LB
A. Niz,RB,CB
N. Brandenburger,RM,RM
Joan Jordán,RM,LM
L. Somoza,RM,RM
S. Svendsen,ST,LM
D. Sinkgraven,CM,LM
D. Biseswar,CM,LM
N. Fekir,RM,LM
J. Toivio,CB,CB
J. Dujaut,RM,LM
A. Mierzejewski,RM,LM
F. Zampedri,ST,ST
C. Del Grosso,LB,LB
E. Braafheid,LB,LB
S. Sandberg,RB,RB
A. Ndao,RM,LM
K. Rekik,CB,CB
F. Ribéry,LW,LM
J. Tarkowski,CB,CB
M. Burda,CB,CB
C. Bermúdez,LM,LM
D. Iorfa,RB,RB
C. Martin,ST,ST
J. Abella,RB,RB
D. Pabón,ST,LM
R. Sánchez,RM,RM
Hernanes,RM,LM
R. Riski,ST,ST
D. Potts,CB,LB
N. Otamendi,CB,CB
Edu Machado,RB,RB
M. Pelosi,RM,LM
L. Jiménez,RW,LM
T. Partey,RM,RM
Edu Bedia,LM,LM
L. Díaz,ST,RM
G. Pușcaș,ST,ST
Lafortiscinho,LB,LB
M. Nastasić,CB,CB
F. Carrizo,LM,RM
P. Arriola,RM,RM
J. Gibson,RM,RM
A. Durante,CB,CB
D. Doyle,RM,RM
W. Kenndal,RM,RM
M. Stiepermann,RM,LM
J. Moe,LB,LB
Lee Yun Pyo,CB,CB
Y. Bodiger,RM,LM
D. Machís,LM,LM
C. Clemens,LM,LM
A. Almici,RB,RB
L. Suárez,ST,ST
D. Hammond,LM,RM
D. Mbokani,ST,ST
L. Sætra,CB,CB
Paulo Miranda,CB,CB
M. Stoppelkamp,RM,RM
T. Nakagawa,RW,ST
D. Schad,RB,RB
I. Traoré,CB,CB
R. Gagliolo,LB,CB
F. Strauss,CB,CB
M. Sakho,CB,CB
W. Weghorst,ST,ST
D. Lévêque,LB,LB
Rubén Pérez,RM,RM
I. Höhn,CB,CB
T. Henry,ST,ST
J. Durmaz,RM,LM
D. Chará,RM,RM
D. Worrall,RM,RM
M. Pedersen,ST,ST
D. Steczyk,ST,ST
Jou Silva,LW,ST
Eloy Gila,ST,ST
R. Echeverría,CB,RM
L. Holtby,CM,LM
A. Rusnák,CM,LM
V. Odjidja-Ofoe,RM,RM
M. González,CB,CB
Iñaki Williams,ST,ST
Z. Tsiskaridze,LB,LB
S. Widmer,RB,RB
J. Mackie,RM,ST
P. Velázquez,ST,ST
M. Ordóñez,LM,LM
D. Díaz,CM,LM
D. Guidi,CB,CB
M. Abdul Shafy,LB,LB
F. Zoko,ST,ST
B. Simakala,LW,ST
Song Jin Hyung,LW,RM
C. Moya,LM,RM
Rubén Martínez,LM,LM
André Pinto,CB,CB
H. Ilunga,CB,LB
J. Seri,LM,RM
J. Caceres,CB,RB
Rubén Pérez,RM,RM
C. Giménez,LM,ST
A. Pițian,CB,CB
Daniel Bamberg,RM,LM
R. Gestede,ST,ST
R. Loaiza,LM,RM
A. Hjulsager,LM,LM
J. Wallace,RM,RM
N. Domingo,RM,RM
L. Singh,LM,LM
B. Al Khamees,RM,ST
D. Calvert-Lewin,ST,ST
A. Biyogo Poko,RM,RM
S. Fletcher,ST,ST
E. Frimpong,RM,RM
M. Almirón,CM,LM
K. Finnbogason,ST,ST
A. Mawson,CB,CB
S. Skytte,RM,RM
M. Kuhn,RB,RB
G. Biancone,RB,RB
F. Pereyra,CB,CB
A. Hanlon,RM,RM
Hugo Vieira,ST,ST
S. Lowry,CB,CB
T. Hemed,ST,ST
Luan,CB,CB
J. Kliment,ST,ST
Javi Castellano,LM,RM
W. Saïd,ST,LM
H. Vidémont,LM,LM
M. Njie,RM,LM
B. Behrendt,CB,CB
E. Chibuike,RM,ST
Gelson Fernandes,LM,RM
C. Roddan,CM,RM
W. Orban,CB,CB
C. Eriksen,RM,LM
E. Eze,LM,LM
T. Huk,CB,CB
Jean Mota,LM,LM
J. Dayton,CM,LM
G. Leigh,LB,LB
A. Witsel,RM,LM
I. Amundsen,CB,CB
V. Créhin,ST,ST
Camilo,ST,ST
Z. Janjić,CM,ST
H. Jele,CB,RB
R. Dugalić,CB,CB
Hélton Celanova,ST,ST
J. Earl,LB,LB
S. Hatanaka,CB,CB
R. Stewart,ST,ST
G. Turda,CB,CB
Patric,RB,RB
M. Verratti,RM,RM
M. Abusabaan,LM,RM
C. Stuani,ST,ST
Fernandinho,LM,RM
Á. Gyurcsó,LM,LM
Y. Barnawi,RB,RB
M. Elarra,ST,ST
H. Henao,RM,RM
D. Paraschiv,ST,ST
S. Moreo,ST,ST
B. Aloé,CB,CB
D. Arslanagic,CB,CB
G. Litteri,LW,ST
H. Goitom,ST,ST
S. Muroya,RB,LB
A. Odimayo,RB,CB
J. Rodríguez,RM,RM
A. Kenyon,LM,LM
J. Edwards,RB,RM
B. Başaçıkoğlu,LM,LM
Leung Nokhang,CB,CB
O. Kaya,LM,LM
R. Nteka,ST,LM
O. Duda,CM,LM
Walace,RM,RM
G. Carey,CM,LM
E. Pavez,RM,RM
T. Adams,RB,RM
K. Musona,CM,LM
F. Mura,RB,RB
Aguza,RM,RM
F. Herbers,LM,ST
A. Karaer,LB,LB
M. Rashica,RW,LM
Mário Rui,LB,LB
C. Morales,LB,LB
D. Župarić,CB,CB
T. Steinherr,LM,LM
M. Djetei,CB,CB
Johannesson,RB,RB
C. Piergianni,CB,CB
J. Zea,RB,RB
M. Pinilla,ST,ST
Z. Hadraf,LM,LM
M. Bodmer,CB,CB
P. Ankersen,RB,RB
J. Lacourt,CM,LM
M. Gargiulo,LM,LM
Y. Tavares,CB,CB
M. Schönbächler,LM,RM
B. Halloran,RW,LM
G. Higuaín,ST,ST
S. Piette,RM,RM
Á. Pereira,LB,LB
Victildinho,RB,RB
J. Fjóluson,CB,CB
F. Prce,CB,CB
L. Angulo,RM,RM
A. Traoré,LB,LB
A. Herrera,LB,RB
M. Godinho,RB,RB
J. Tévez,ST,ST
J. Ryerson,CM,RB
Yeo Reum,CM,RM
B. Augustyn,CB,CB
M. Luongo,LM,RM
J. Valoyes,CB,CB
André Pereira,ST,ST
J. Kelly,LM,LM
B. Kololli,RM,RM
H. Kiyotake,RM,LM
J. Rodríguez,LM,LM
B. Halloran,RM,LM
Ł. Janoszka,RM,LM
Yang Xiaotian,LB,LB
F. Hadergjonaj,RB,RB
N. Yamada,LM,RM
Cho Yong Tae,RW,LM
Jo Sung Jin,CB,CB
J. Pirinen,LB,LB
D. Astori,CB,CB
F. Higuaín,CM,LM
A. Ndao,RM,LM
E. Oyeleke,LM,RB
R. Patterson,ST,ST
A. Pulido,ST,ST
G. Heinry,CM,RM
A. Candreva,RM,RM
C. McGrandles,LM,RM
C. Rivero,CB,CB
Y. Uchida,LB,LB
O. Alanís,CB,CB
Gelson Dala,CM,ST
M. Rose,RM,RM
N. Yeri,LM,RB
M. Gardyne,RM,LM
D. Mullen,RB,CB
I. Balliu,RB,RB
Diogo Mendes,LM,RM
J. Verlaat,CB,CB
I. Ledezma,CM,LM
H. McKirdy,LW,LM
L. Morosini,CM,LM
A. Nouri,RB,RB
J. Sánchez,RM,RM
M. Cauteruccio,ST,ST
D. Wheeler,RW,RM
E. Sakic,RB,LB
S. Ylätupa,ST,LM
T. Foket,RB,RB
R. Crivello,LM,LB
Robson,RB,CB
M. Sollbauer,CB,CB
Marquitos,RM,LM
K. Ehizibue,RB,RB
T. Deeney,ST,ST
K. Honda,CM,LM
C. Montes,CB,CB
D. Alaba,CB,LB
A. Fabbro,CB,CB
A. Bamba,RB,RB
G. Burgstaller,ST,ST
Mariano,RB,RB
N. Bungert,CB,CB
M. de Roon,RM,RM
Zhao Yuhao,CB,CB
A. Mühling,LM,LM
S. Feghouli,RM,LM
Rafael Tolói,CB,CB
C. Giraldo,LM,LM
A. Ujah,ST,ST
Álvaro García,CM,LM
S. Aziz,CB,CB
Vinicius Souza,CM,CB
F. Andriatsima,ST,ST
Toni Martínez,ST,ST
J. Caicedo,CM,RM
H. Herrera,LM,RM
A. Turan,CB,CB
D. Amoo,RM,RM
R. Glatzel,ST,ST
Raillo,CB,CB
K. McFadzean,CB,CB
J. Wallace,RM,RM
W. Brama,LM,RM
R. Ljubicic,LM,RM
D. Mihailovic,CM,RM
Lee Hoo Gwon,RM,RM
U. Hünemeier,CB,CB
R. Shawcross,CB,CB
N. Reniero,ST,ST
I. Mboyo,ST,ST
P. Hanlon,CB,CB
Cláudio Falcão,RM,RM
Matos,LB,LB
Montoya,RB,RB
K. Onisiwo,ST,RM
J. Angulo,RB,RB
B. Cabango,CB,CB
S. van de Streek,RM,ST
H. Storbæk,LM,RM
V. Hammershøj-Mistrati,LM,RM
A. Flint,CB,CB
A. Mazzotta,LM,LB
L. Vigen,LM,RM
A. Ejupi,RM,RM
Q. Daubin,RM,RM
R. Kongolo,RM,RM
A. Woodyard,RM,RM
I. Abdulrazak,RB,RM
P. McCallum,ST,ST
Kim Ho Nam,LW,RM
C. Aboagye,LM,LM
N. Moreno,LM,LM
J. Montenegro,RM,ST
S. Mané,CM,LM
J. Gjasula,LM,LM
J. Uronen,LB,LB
D. Kulakov,RB,RB
H. Mendoza,CB,CB
S. Benrahma,RW,LM
C. Fassnacht,RM,ST
J. Aterola,LM,RM
R. Kortzorg,LM,LM
Borja García,LM,LM
R. Mphahlele,RB,RB
M. Nielsen,ST,ST
M. Dabbur,ST,ST
N. Toko,RB,RM
V. Vasin,CB,CB
B. Watson,CM,LM
L. Aued,RM,LM
J. Davidson,CB,LB
E. Hackman,RB,RB
M. Rancoret,CB,CB
C. Davies,CB,CB
M. Hinteregger,CB,CB
J. Ramírez,ST,ST
T. Boyd,RM,ST
K. Pallesen,RM,RB
G. Gillespie,RB,LB
Brenner,ST,ST
J. Draxler,LM,LM
Y. Sylla,LM,RM
D. Didavi,CM,LM
R. Le Normand,CB,CB
Gao Jiarun,CM,CB
J. Cano,ST,ST
R. Filippi,CB,CB
D. Nedelcu,CB,RM
T. Barkhuizen,ST,RM
C. Gentner,LM,LM
Charles,RM,RM
A. Kayalı,LM,RM
Q. Bernard,LB,LB
Ruben Lima,LB,LB
M. Benítez,LM,LB
Ó. Trejo,CM,RM
M. Matvienko,CB,CB
C. Flores,LM,LM
Ramón da Almeyda,RM,RM
G. Edmundson,CB,CB
L. Shaw,LB,LB
K. Gibbs,LB,LB
Xu Tianyuan,LM,ST
Jose,RW,ST
Y. Yoshida,LB,RB
Đ. Čotra,LB,LB
A. Al Barakah,CM,RM
I. Akinade,ST,ST
F. Rosso,CB,CB
D. Diekmeier,RB,RB
E. Isnaldo,LM,RM
D. Mandroiu,CM,LM
M. D'Alessandro,LM,LM
L. Obraniak,RM,LM
P. Clarke,CB,CB
A. Walkes,CB,CB
L. Rodríguez,CM,RM
Z. Ferhat,RM,RM
S. Okaka Chuka,ST,ST
O. Gobern,LM,LM
Y. Poulsen,ST,ST
N. Redmond,RM,LM
V. Granat,CB,CB
B. Nehrig,RM,RM
T. Antonis,LM,LM
S. Mussmann,CB,CB
I. Runje,CB,CB
S. Roa,RB,RB
J. Dompé Diarra,LM,LM
E. Salomonsson,RB,RB
É. Banega,RM,RM
V. Gadzhev,RM,RM
F. Stahel,CB,RB
J. Cardona,LM,LM
Dimas,LM,LM
S. Parshivlyuk,RM,RB
M. Philipp,ST,ST
L. Wales,RW,RM
C. Tolisso,RM,RM
J. Moe,LB,LB
M. Knoester,CB,CB
G. Notsuda,RM,RM
M. Reinthaler,CB,CB
I. Sirelius,LB,RM
J. Bruma,CB,CB
T. Buhumaid,LM,LM
A. Mehmeti,ST,ST
G. Edwards,RM,RM
A. Vigo,RB,RB
J. Hingert,RB,RB
L. Aued,LM,LM
J. Toulalan,LM,RM
A. Assiri,CB,CB
Y. Chibsah,RM,RM
O. Malik,CB,CB
J. Geis,CM,RM
E. Konsa,CB,CB
S. Córdova,LM,LM
V. Coufal,RB,RB
A. Arigoni,RB,RB
Liu Ruofan,RW,ST
Adri Cuevas,RM,LM
L. Garritano,LW,ST
M. Bogusz,CM,LM
A. Luna,RM,LM
Álvaro Tejero,RB,RB
R. Falk,LM,LM
S. Toshima,RM,LM
Bruno Monteiro,LM,RM
Pere Pons,CM,RM
Y. El Jebli,LM,LM
T. Rincón,CM,RM
G. Kharaishvili,LM,LM
P. Dawidowicz,CB,CB
S. Mallan,RM,LM
Negredo,ST,ST
Xavi Molina,CB,CB
Martínez,CB,CB
N. De Préville,LW,ST
Pedro Chirivella,LM,RM
L. Abergel,LM,RM
S. Konde,CB,CB
A. Angoula,CB,CB
Kim Jong Woo,RM,LM
N. Bianchi Arce,CB,CB
C. Greger,CB,CB
L. Ocampos,LW,LM
M. Bülter,LW,LM
A. Granqvist,CB,CB
L. Murillo,LB,LB
G. Bou,ST,ST
M. Al Fuhaid,LM,RM
S. Rigg,LM,LM
J. Callsen-Bracker,CB,CB
K. Tierney,LB,LB
S. Kobayashi,RM,RM
D. Offenbacher,LM,LM
F. Kent,CB,CB
F. Acuña,RM,LM
Y. Belhanda,CM,LM
M. Facchinetti,LB,LB
A. Ragusa,LW,LM
D. Joveljić,ST,ST
F. Álvarez,LB,LB
D. Ndong,CM,RM
R. Hennings,ST,ST
Junior Messias,RW,LM
D. Hoesen,ST,ST
D. Goodwillie,ST,ST
Y. Takagi,LM,LB
Allan Bardinho,CM,LM
D. Adejo,CB,CB
M. Marrone,RB,RB
Iago Aspas,RW,ST
M. Mier,CM,LM
R. Centurión,RW,LM
J. Sokolik,CB,CB
Núrio,LB,LB
J. Fitzwater,CB,CB
F. Aird,RB,RB
Luís Hernández,CB,CB
P. Hrošovský,LM,LM
Kim Yong Hwan,LB,RB
C. Sammon,ST,ST
Y. Ramadani,LM,RM
Samu Sáiz,LM,LM
E. Restrepo,CB,RB
D. Djoković,LM,LM
A. Khalili,CM,RM
Y. Koizumi,CM,LM
Y. Al Nakhli,RB,RB
B. Schmitz,RB,RB
B. Yaméogo,ST,ST
S. Allagui,RM,ST
A. González,RM,CB
S. Jamieson,LB,LB
D. Hernández,CM,LM
P. Engblom,ST,ST
Claiton,CB,CB
P. Michorl,LM,LB
E. Pieters,LB,LB
S. Savić,CB,CB
M. Costanzo,CM,LM
C. Zapata,CB,CB
Kim Oh Gyu,CB,CB
Mossa,LB,LB
Wilson Tiago,LM,RM
H. Suazo,ST,LM
T. Derijck,CB,CB
E. Ómarsson,ST,ST
D. Hall,CB,CB
L. Abergel,RM,RB
I. H'Maidat,RM,LM
R. García Guerreño,CB,CB
Jang Ho Ik,RM,RB
M. Crooks,LM,RM
Y. M'Changama,LM,RM
Y. Yotún,LM,LM
S. Widmer,RB,RB
Pablo,CB,CB
N. Valentini,CB,CB
M. Gazzola,RB,RB
I. Morales,RW,ST
R. Sjöstedt,RB,RB
Fabrio Farinha,LM,LM
C. Nasuti,CB,CB
Diego Ângelo,CB,CB
P. Lienhart,CB,CB
A. Batisse,CB,RM
J. Gómez,CM,LM
M. Poljak,RM,RM
S. Hanca,RM,RM
D. Rooney,LM,LM
F. Schär,CB,CB
S. Vokes,ST,ST
Michel Cruceiro,LM,LM
An Hyeon Beom,RM,RB
S. Welsh,LM,RM
J. Ankersen,RM,RM
I. Novoseltsev,CB,CB
C. Chapman,LM,RM
Wenderson,LM,LM
O. Kaya,CM,LM
A. Wordsworth,LM,LM
B. Gibson,CB,CB
F. Roncaglia,CB,RB
O. Pehrsson,CB,CB
S. Johansen,CB,CB
Alberto Benito,RB,RB
A. Al Najai,RM,RM
M. Carrusca,RM,LM
J. Knudsen,LB,LB
D. Cvitanich,ST,ST
D. Zhivoglyadov,RB,RB
J. Murillo,CB,CB
F. Medina,CB,CB
Nolito,LM,LM
H. Afful,RB,RB
Jonathan Ruiz,LM,RM
M. Götze,CM,LM
Mexer,CB,CB
M. Hummels,CB,CB
M. Honsak,RM,LM
F. Menig,RB,CB
C. Basham,CB,CB
L. Lollo,CB,CB
L. Mandeville,ST,LM
M. Rashica,RW,RM
D. Claasen,RM,RM
L. Maciel,CM,RM
M. Bean,RM,RM
H. Carneil,LM,LM
D. Abels,RB,CB
M. Zaldivia,CB,CB
G. Holohan,CM,LM
J. Mena,CB,CB
N. Colombo,CB,CB
F. Sulmoni,CB,CB
C. Espinoza,RM,LM
D. Hoesen,ST,ST
B. Sepúlveda,ST,ST
Djavan,LB,LB
G. Koyalipou,RW,ST
C. Maguire,RM,ST
K. Ramsteijn,CB,CB
K. Laba,ST,ST
D. Dike,ST,ST
K. Hodžić,LB,LB
Y. Abdelhamid,CB,CB
Han Hee Hoon,CB,CB
Rahul KP,LM,LM
J. Cuffaut,RB,RB
G. Díaz,CM,LM
F. Gytkjær,ST,ST
J. De Sart,CM,RM
M. Smith,ST,ST
J. Lefort,CB,LB
D. Bizimana,LM,RM
S. Berge,RM,RM
Eliseu,LB,LB
L. Sosa,CM,LM
L. Valencia,RW,LM
J. Taravel,CB,CB
C. Brittain,RB,RB
F. Wagner,RM,RM
Carleto Costinha,RM,RM
L. Chambers,CB,CB
D. Gastaldello,CB,CB
A. Zamora,CM,RM
F. Cubero,RB,CB
J. Smith,LM,RM
R. Boujedra,CM,LM
N. Giani,CB,CB
R. McGree,LM,LM
E. Andersson,LM,LM
T. Miller,RB,RM
L. Zelarayán,CM,LM
G. N'Goyi,CM,CB
Adolfinho Padilha,LB,LB
R. Lopes,CB,CB
V. Nsimba,LB,LB
Paulo Vinícius,CB,CB
F. Etoundi,ST,ST
E. Cocalić,CB,CB
A. Yiadom,RB,RB
T. Leugers,LM,LB
A. Al Fahad,CB,CB
M. Besler,CB,CB
A. Papadopoulos,LM,CB
K. Pedersen,CB,CB
M. Nichols,CM,RM
D. Brown,ST,ST
H. Boumous,CM,LM
Marlon Nideiro,RM,LM
F. Almada,CB,CB
V. Koman,CM,LM
N. Chadli,LM,RM
O. Dembélé,RW,LM
D. Zeefuik,RB,RB
Albentosa,CB,CB
A. Grimaldi,ST,ST
D. Edwards,LM,RM
M. Gradel,LW,LM
H. Çalhanoğlu,LW,LM
A. Candreva,RM,LM
D. Kreilach,LM,RM
A. Radovanović,CB,CB
P. Dimitriadis,CB,RM
M. Hamada,CB,CB
J. Abrigo,LM,LM
J. Ríos,RM,RM
A. Kramarić,CM,ST
S. Giménez,ST,ST
F. Hinestroza,LB,LM
C. Arias,ST,ST
Zheng Long,RM,LM
A. Young,LM,RB
C. Pinares,CM,LM
Y. Belhanda,CM,LM
P. Alikin,CB,CB
G. Rodríguez,CB,CB
Everton,LM,LM
J. Livermore,RM,RM
Nuno Cedrim,RM,RM
S. Brisley,CB,CB
É. Bocat,LB,LB
L. Lapoussin,LM,RM
Cristian Herrera,ST,ST
Z. Vyner,RB,CB
J. Keohane,LB,RB
K. Danso,CB,CB
G. Graciani,RM,RM
O. Toivonen,ST,ST
N. Topor-Stanley,CB,CB
G. Espinoza,LM,RM
Jordi Calavera,RB,RB
S. Lobjanidze,LM,RM
L. Woolfenden,CB,CB
Alanzinho,CM,LM
S. Dooley,RM,RM
Manu Fuster,CM,LM
S. Aydoğdu,CM,LM
E. Laird,RB,RB
U. Bulut,ST,ST
O. Tufan,LM,RM
N. Tagliafico,LB,LB
I. Sylla,LB,LB
I. Ilić,LM,LM
M. Odubajo,RB,RB
T. Barnett,ST,ST
G. Tutino,ST,ST
T. Gulliksen,LW,LM
R. Reynaud,CB,CB
R. Tait,RB,RB
N. Gulan,LB,LB
T. van Weert,ST,ST
Alessinito,RM,CB
M. Camara,CB,CB
Juan Cámara,RM,LM
J. Ring,LW,LM
A. Basta,RM,RB
Fafà Picault,ST,LM
R. Emelyanov,RM,RM
L. Castiglia,LM,LM
T. Audel,RB,CB
C. Neyra,LB,LB
A. Masuyama,RM,RM
E. Cascione,LM,RM
A. Shinnie,CM,LM
H. Droguett,LW,LM
C. Cuero,LB,LB
J. Molina,CM,LM
F. Schubert,CM,ST
Gustavo Henrique,CB,CB
S. Nilsen,CM,CB
L. Muriel,ST,ST
S. Bentivoglio,CM,RM
R. Schmid,RM,LM
R. Vincelot,CB,RM
M. Ihattaren,RM,RM
Gérson Noalha,ST,ST
Anderson Emanuel,LW,LM
C. McCormack,RM,RM
B. Parker,ST,ST
D. Bozic,ST,ST
Han Chan Hee,RM,LM
R. Sambueza,LM,LM
D. Musto,RM,RM
M. Kucharczyk,LM,ST
F. Krüger,LW,ST
D. Keillor-Dunn,LM,LM
M. Roberts,CB,CB
A. Ba,CB,CB
A. Brorsson,CB,CB
A. Epureanu,CB,CB
P. Agyemang,ST,ST
Y. Yakovenko,ST,ST
C. Sortomayrés,ST,ST
T. Leibold,LB,LB
F. Horsfall,CB,CB
L. Hufnagel,RM,LM
M. McKay,LM,LM
Vigaray,RB,RB
Pleguezuelo,CB,RB
M. Al Burayh,CB,CB
M. Gajos,LM,RM
I. Doumbia,LM,RM
A. Ba,LM,RM
A. Camargo,RM,RM
Paulinho,ST,RM
Naranjo,LW,ST
Milton Menceiros,CB,CB
H. Balic,ST,RM
G. Treand,LM,ST
M. Arnold,LM,LM
J. Calleri,ST,ST
Fabián,RM,LM
T. Hara,RB,RB
G. Bale,RW,LM
J. Lascelles,CB,CB
A. Baptiste,RB,CB
F. Platte,ST,ST
C. Lang,RM,LM
S. Haller,ST,ST
M. Ogbu,ST,ST
A. McGeady,LM,LM
H. Lozano,RW,LM
D. Poggenberg,LB,LB
Nilson Padilho,LM,ST
Li Lei,LB,LB
A. Raskaj,LM,LM
D. Bain,CB,CB
William Carvalho,CM,RM
J. Callsen-Bracker,CB,CB
S. Boden,ST,ST
J. Álvarez,CM,RM
D. Gape,CM,RM
R. Eckardt,RM,RM
Caio Nunson,CB,CB
R. Örqvist,RM,RM
H. Maïga,RM,RM
M. Bradley,CM,RM
A. Bouhaddouz,ST,ST
T. Plavotic,CB,CB
A. Boupendza,ST,ST
P. Michorl,LM,LM
K. Kampl,RM,LM
Claudio Coíntra,CM,RM
G. Karadeniz,LM,RM
R. Murawski,RM,RM
S. Bauer,CB,CB
A. Bo Shagra,RB,CB
L. Erwin,ST,ST
Padilhisco,LB,LB
J. Insaurralde,CB,CB
Leandro,LW,LM
F. Bastians,CB,CB
David López,CB,RM
C. Rodríguez,RM,RM
David Ferreiro,RM,LM
N. Lodeiro,RM,LM
A. Aganović,RM,RM
A. Donatti,CB,CB
B. Reeves,CM,LM
L. Howell,RM,RM
Adriano,LB,LB
E. Belkalem,CB,CB
Alberto,CB,RM
J. Croux,RM,LM
K. Nagai,ST,RM
Nuno Lima,CB,CB
G. Canales,ST,ST
M. Ricci,CM,RM
T. Lees,CB,CB
S. Ernemann,RM,LM
R. Gosens,LM,LB
Kiko Femenía,LB,RB
N. Asare,LB,LB
R. Emelyanov,LM,RM
Emu Teixeira,CB,CB
R. Freuler,LM,RM
T. Glumac,CB,CB
I. Diallo,LM,RM
S. Schwab,LM,LM
S. Ryall,RB,RB
D. Slamar,CB,CB
Víctor Pérez,CM,LM
Domingos Duarte,CB,CB
Arthur Silva,LM,RM
P. Max,LB,LB
C. Calderón,LB,RB
I. Maximov,CM,RM
N. Matić,CM,LM
D. Tobin,RB,RB
A. Hughes,CB,CB
D. Kikuchi,LM,RM
G. Ariyibi,RM,RM
G. Pizarro,RM,RM
M. Vera,RM,LB
S. Brennan,LM,LM
A. Vega,CM,LM
Y. Salmier,CB,CB
Y. Del Valle,RM,LM
Henrique Trevisan,CB,CB
T. Murg,RM,LM
J. Le Cardinal,RB,RB
M. Bostwick,CB,CB
L. Mendoza,RW,RM
K. N'Dri,LM,LM
I. Conté,CB,CB
R. Hassan,RW,LM
C. Díaz,RM,LM
M. Batmaz,ST,ST
A. Izzo,CB,CB
A. Karaer,LB,LB
A. Al Obaid,LB,LB
Bastos,CB,CB
M. Butean,RB,RB
A. Ayew,RM,LM
R. Alberg,CM,LM
C. Melody,CM,RM
D. Calvert-Lewin,ST,ST
Tiago Silva,CM,LM
L. Öhman,CB,CB
L. Edwards,CB,CB
J. Keaney,CB,RM
T. Alderweireld,CB,CB
K. Parks,RM,LM
H. Zuck,LM,LM
J. Ironside,ST,ST
H. Arslan,LM,RM
Vinicius Cardenha,RB,RB
H. Ziyech,CM,LM
M. Weiser,RB,RM
J. Vestergaard,CB,CB
F. Klaus,RM,LM
A. Woźniak,LM,ST
J. Ralls,CM,LM
Kim Min Hyeok,RM,LM
M. Green,ST,ST
M. Eggestein,RM,RM
Y. Rakitskyi,CB,CB
M. Borja,ST,ST
E. Tercero,CB,RB
Angelino,LM,LB
J. Windass,CM,LM
O. Idrissi,LW,LM
R. Osorio,CB,CB
D. Zappacosta,RB,RB
M. O'Halloran,RM,LM
S. Jacob,ST,ST
A. Mishra,LB,LB
Guilson Paiva,RW,RM
L. Owona,CB,CB
L. Lochoshvili,CB,CB
R. Wintle,CM,RM
F. Mancuello,LM,LM
Rúben Dias,CB,CB
M. Angha,CB,CB
Ó. Murillo,CB,CB
I. Uzochukwu,RM,RM
M. González,LM,RM
Júnior Moraes,ST,ST
R. Turner,LW,ST
D. Fällman,CB,CB
C. Keita,LB,LB
M. Hanousek,LB,LB
A. Makoumbou,LM,RM
S. Al Nabit,LM,LM
H. Ejeda,RM,RM
J. Sparkes,LB,LB
L. LuaLua,ST,LM
H. Jafari,LM,LM
Ailton Guevara,CM,ST
M. Laínez,LM,LM
J. Risdon,RB,RB
S. Deli,CB,CB
L. Wing,CM,LM
C. Buchtmann,CM,LM
M. Riquero,RM,CB
C. Eriksen,RM,LM
E. Godoy,CB,CB
R. De Paul,CM,LM
F. Baise,CB,CB
Adri Embarba,CM,RM
R. Rossi Branco,CB,CB
A. Colpani,LM,LM
M. Wanitzek,LM,RM
Borja García,CM,LM
E. Nabiullin,LB,LB
Gerson,CB,CB
A. Pyrka,RB,RM
N. Barahona,CM,RM
D. Stroh-Engel,ST,ST
Thiago Silva,CB,CB
G. Mutombo,CB,CB
R. Albrahim,RM,LM
F. Casarini,RM,RM
L. Advíncula,RB,RB
Iago Aspas,ST,ST
L. Evans,RM,RM
M. Andersen,RM,RM
Andreas Pereira,RM,LM
M. Grimes,LM,LM
Nildo Petrolina,LW,LM
K. Yoshino,CB,CB
M. Valenzuela,LB,LB
Cejudo,LM,RM
M. Rygaard,CM,LM
Rafael Lopes,RW,ST
R. Pucino,RB,RB
J. Andersen,RM,RM
B. Cesar,CB,CB
N. Cardozo,RM,RM
Ricardo Nunes,LB,LB
F. Delph,LM,LM
David Rocha,RM,RM
F. Caputo,ST,ST
S. Hazazi,RB,RB
Weslley,ST,LM
J. Bottinelli,CB,CB
J. Doherty,LB,LB
R. Pereyra,CM,LM
David Villa,ST,ST
A. Salazar,RB,RB
Y. Chikhaoui,RW,LM
R. Steffen,LM,RM
M. Ligoule,RM,LM
A. Westwood,RM,RM
G. Chiellini,CB,CB
Pablo Fornals,LM,LM
T. Björkström,CB,RB
M. Harriman,RB,RB
Pablo Iñiguez,CB,CB
T. Shiotani,CB,CB
Anderson Lopes,ST,ST
K. Overmeire,RM,RM
C. Râpă,RB,RB
H. Hansson,LM,LM
M. Ehmer,CB,CB
A. Ljajić,CM,LM
V. Achim,LM,RM
L. Garritano,RM,LM
L. Brattan,RM,RM
Juanma,CB,CB
C. Cherchez,LM,ST
E. Ahumada,CB,CB
A. Henríquez,CB,CB
D. Kulikov,LM,RM
João Figueiredo,ST,ST
E. Rígoni,RM,LM
A. Oyono,RB,RB
T. van Weert,ST,ST
D. Limberský,LB,RB
Welington Dano,LB,LB
E. Kace,LM,RM
T. Juel-Nielsen,CB,CB
Gutti,CB,CB
S. Ameobi,ST,ST
M. Siopis,RM,RM
S. Ajayi,CB,CB
R. Strauß,RB,RB
Wei Shihao,ST,LM
D. Ćaleta-Car,CB,CB
L. Seijas,RM,LM
D. Brašanac,LM,RM
Ö. Şahiner,RM,RB
K. Al Khathlan,LB,LB
P. Sokołowski,RM,RM
T. Eastman,CB,CB
M. Hansson,RM,RM
A. Diop,CM,RM
M. Thychosen,RB,RB
J. Arango,LM,LM
Milton Menceiros,CB,CB
J. Kayode,ST,ST
F. Bjørkan,LB,LB
R. Janssen,LB,LB
D. Man,RW,RM
Fali,CB,CB
D. Beasley,LB,LB
P. Mingoia,RM,LM
M. Ishak,ST,ST
L. Marengo,LW,RM
A. Skov Olsen,RW,LM
B. Bereszyński,RB,RB
G. Lapslie,ST,RM
C. Vásquez,RB,RB
N. Danns,LM,RM
Thiago Alminxa,ST,ST
J. Mojica,LB,LB
J. Cáceres,RB,RB
L. Suárez,LM,ST
T. Stepanenko,LM,LM
D. Ispas,CB,CB
D. Milošević,LM,LM
T. Miyazaki,RM,LB
André Almeida,RM,RM
Xisco Campos,CB,CB
T. Okamoto,CB,CB
S. Humphrys,ST,ST
T. Asta-Buruaga,CB,CB
J. Roa,RM,RB
R. van La Parra,LM,LM
N. Tripichio,RB,RB
J. Lolley,RM,LM
J. Adánguiz,LM,RM
M. Obafemi,ST,ST
P. Ceccaroni,CB,CB
S. Dursun,ST,ST
T. Hoogland,CB,CB
J. Ceesay,RM,RM
A. Luna,CM,LM
N. Ammari,RM,LM
G. Kaçar,CB,CB
Manu García,LM,LM
M. Mantovani,CB,CB
A. Keita,RM,RM
D. Phillips,RM,RM
C. Bernardi,LM,RM
Kim Young Bin,CB,CB
Á. Sagal,LM,LM
Álvaro,ST,ST
M. Gulde,CB,CB
B. Bye,RB,RB
M. Mitrović,CB,CB
R. Jansson,CB,CB
M. Oršić,LM,LM
C. Benavente,RM,LM
J. Hector,LM,LB
S. Kalajdžić,ST,ST
P. Mpanzu,RM,RM
C. Rizzuto,LM,RB
H. Magnússon,CB,CB
V. Vermeij,ST,ST
F. Müller,LM,LB
J. Leguizamón,CB,CB
J. Cornejo,LB,LB
J. Geis,RM,RM
J. Risdon,RB,RB
G. Sawyer,LB,LB
A. Vukušić,ST,ST
N. Giani,CB,CB
Júnior Negão,ST,ST
A. Lima,RM,LM
Z. Tripić,LW,LM
E. Gutiérrez,ST,ST
N. Gaitán,CM,LM
Matheus,RM,LM
K. Lala,RB,RB
F. Bianchi,RW,ST
A. Muyl,LM,RM
J. Rochelt,RB,RM
Lee Jeong Hyeop,ST,ST
K. Kairinen,RM,LM
Dani Rochelinhas,CM,RM
I. Henderson,ST,ST
A. Majrashi,LB,RB
T. Hernández,LB,LB
S. Filip,LM,LB
A. Bakasetas,RM,ST
G. Martínez,LM,RM
C. Robles,LM,LM
L. Cavanda,RB,RB
D. Olsen,LM,RM
Javi Guerra,ST,ST
P. Nyarko,RM,RM
A. Frías,CB,CB
R. Tongyik,CB,CB
Bang Dae Jong,CB,CB
A. Thapa,LM,RM
É. Palomino,LM,LM
O. Banks,LM,LM
J. Brix-Damborg,RM,RM
B. Ajdini,RB,RB
B. van den Boomen,CM,RM
S. Moussa,ST,ST
V. Claesson,LM,LM
M. Dyrestam,CB,CB
Kang Sang Woo,LB,RB
S. Živec,RM,RM
Y. Wakizaka,RM,LM
M. Reginiussen,LM,RM
Koo Ja Cheol,CM,LM
M. de los Santos,CB,CB
Diego Tardelli,ST,LM
A. Yasin,RW,LM
A. Correa,CB,CB
M. Danielsson,RB,CB
R. Gorman,LM,CB
Y. Adnane,ST,ST
J. Radošević,CM,RM
J. Rivas,LM,LM
M. Chang,RM,RM
A. Zhirov,CB,CB
G. Shinnie,LB,LB
A. Powell,RB,RB
Felipe,CB,CB
A. Koné,ST,ST
C. Chiricò,RW,RM
P. Morales,CM,LM
J. Borring,LM,LM
N. Maturana,RW,LM
L. Dubois,RB,RB
P. Adorno,CB,CB
R. Donnelly,ST,ST
N. Poulsen,CM,RM
M. Waris,RM,ST
T. Pettersson,CB,CB
T. Moffi,ST,ST
L. Page,LB,LB
Jesús Navas,RB,RB
F. Carstens,CB,CB
T. Arslan,LM,RM
S. Bell,CB,CB
B. Moloney,RB,RB
O. Shevelyukhin,CB,CB
T. Barkhuizen,LW,RM
U. Hünemeier,CB,CB
S. Šimić,CB,CB
G. Bale,LW,LM
A. Pléa,ST,LM
A. Hrustić,RM,LM
R. Nartey,CB,CB
E. Dier,CB,CB
Rong Hao,LM,LB
J. Pirinen,LB,LB
B. Maguire,RM,RM
M. Simić,CB,CB
G. Svensson,LM,LM
Gayà,LB,LB
U. Çiftçi,LB,LB
A. Sgrigna,ST,ST
C. Spinelli,ST,ST
Cho Chan Ho,RW,ST
Y. Gómez Andrade,CB,CB
D. Suárez,RB,RB
J. Vanlerberghe,RM,RM
B. Sagna,RB,RB
W. Kannemann,LB,LB
R. Foran,RM,LM
J. Beauguel,ST,ST
M. Bogado,LM,RM
J. Shaffelburg,LM,LB
V. Levin,LM,RM
R. Espejord,ST,ST
L. Valenti,CB,CB
J. Nsame,ST,ST
K. Saief,LM,LM
A. Salétros,RM,LM
M. Velisar,LB,LB
Lombán,CB,CB
T. Pukki,CM,ST
C. Jullien,CB,CB
R. Gaddis,RB,RB
G. Rodríguez,CB,CB
P. Netzer,CB,CB
L. Cooper,CB,CB
A. Auassar,LM,LM
Jean,RM,RM
D. Massey,LB,LB
B. Mokulu,ST,ST
Víctor Díaz,CB,RB
Otávio,RM,LM
N. Lima,RB,RB
R. Akbari,RM,RM
A. N'Diaye,CM,RM
R. Pérez,CB,CB
Édson,CM,RM
Alex Sandro,LB,LB
B. Osborn,RM,LM
S. Huszti,LM,LM
Z. Bergdich,LB,LB
F. Diagne,CB,CB
E. Gyasi,RM,RM
Jin Seong Wook,ST,ST
D. Jones,LB,RB
T. Noslin,RM,LM
M. Dalé,LM,ST
A. Boucaud,CM,RM
S. Hofmann,CM,LM
D. Perkins,LM,LM
Guilherme,RM,RM
R. Bobadilla,RM,ST
C. Çavlan,LB,LB
S. Aytaç,LB,LB
W. Ben Yedder,ST,ST
J. Kvesic,LB,LB
Lee Ju Yong,LB,LB
R. van Wolfswinkel,ST,ST
M. te Wierik,RB,CB
J. Poscoliero,RB,CB
L. Menossi,RM,RM
J. McClean,LW,LM
K. Günter,CB,CB
Dener Assunção,LB,LB
Dani Suárez,CB,CB
E. Salli,RM,LM
S. Pittman,CM,LM
M. Mancosu,CM,LM
E. Owusu,CM,RM
O. Bjørtuft,CB,CB
O. Gutiérrez,LB,LB
H. Obando,RB,RB
S. Missiroli,RM,RM
M. Pinilla,ST,ST
K. Przybyłko,ST,ST
J. Larsson,RM,RM
D. Johnson,LM,LM
D. Miculescu,ST,ST
L. Lukacevic,LB,LB
Renato Santos,RM,LM
J. Ryerson,LB,RB
Á. Zaldívar,ST,ST
J. Canderio,CM,LM
Bellvís,LB,LB
K. Galanopoulos,RM,RM
R. Healey,ST,ST
J. Legear,LM,LM
M. Hazazi,RB,RB
S. Davis,RM,RM
D. Abraham,CB,CB
A. Mejía,LM,RM
M. Lekven,RM,RM
J. Smith,RM,RM
A. Contreras,CB,CB
Daniel Ayala,CB,CB
A. Lupoli,ST,ST
D. Köhn,LB,LB
M. Kranevitter,CM,RM
T. Ream,CB,CB
E. Lichaj,LB,RB
C. Menéndez,ST,ST
G. Oboabona,CB,CB
H. Figueredo,CM,LM
A. Rüdiger,CB,CB
S. Hutchinson,RM,CB
W. Orban,CB,CB
Pau Morer,LM,LM
O. Toivonen,ST,ST
Jesús Jiménez,ST,LM
E. Kalinski,CM,RM
M. Boben,CB,CB
Elsinho,RB,RB
Ximo Navarro,RB,RB
R. Lamah,LM,LM
Chen Zhechao,LB,LB
M. Pellizzer,CB,CB
B. Özcan,LM,LM
H. Khabra,RB,RB
M. Caicedo,LM,LM
Camora,LB,LB
L. Pinckert,RM,CB
B. Nugent,CB,CB
M. Keita,CM,LM
J. Foyth,RB,CB
J. Willems,LB,LB
J. O'Shea,CB,CB
P. Kimpembe,CB,CB
M. Sabitzer,RM,ST
Wan Houliang,CB,CB
Y. Abdelhamid,CB,CB
J. Mbakogu,ST,ST
R. Haps,LB,LB
José Gonçalves,CB,CB
A. Hofmann,LM,CB
S. Akasaki,CM,ST
T. Müller,ST,ST
D. Dwyer,ST,ST
D. Butler,LB,LB
T. Kristensen,LM,RM
Y. Maruyama,CB,CB
T. Kolodziejczak,CB,LB
Son Jun Ho,RM,LM
O. Toivonen,LM,ST
N. Burns,LM,LM
F. Bandinelli,CM,LM
G. Oboabona,CB,CB
M. Hofrath,LB,LB
Ricardo Ferreira,CB,CB
A. Lewis,LM,LM
B. Cuesta,ST,ST
D. Malrechauffe,CB,CB
R. Sykes,CB,CB
S. Pocognoli,LB,LB
Alvarinho,LM,LM
Gabriel,LM,LM
A. Lienhart,RB,RB
S. Gallagher,ST,ST
D. Goodwillie,ST,ST
Marcinho,RM,LM
R. Kruse,ST,ST
I. Fetfatzidis,LM,LM
E. Børufsen,LM,LM
L. Dendoncker,RM,RM
H. Menosse,CB,CB
C. Tanner,LM,RM
Sergio León,ST,ST
A. Schetino,RM,RM
S. Ryall,RB,RB
J. Valencia,ST,ST
G. Boyd,RM,LM
N. Thomsen,RM,RM
O. Akhmedov,RM,RM
S. Thern,RM,LM
Samu Castillejo,RM,LM
S. Silva,CB,CB
A. Nordin,RM,RM
J. Atencio,LM,CB
C. Ceballos,CB,CB
E. Aiwu,CB,CB
S. Stangl,LB,LB
C. Powell,LB,LB
J. Soto,RB,RB
F. Heerkens,CB,CB
L. Lynch,RM,RM
U. Saltnes,LM,RM
C. Rodríguez,CB,CB
D. Fitzpatrick,LB,CB
R. Pereyra,RM,LM
J. Allen,RB,RM
B. De Ceulaer,ST,LM
G. Rizzo,RM,LM
Jiang Jihong,CB,CB
Taison,LM,LM
D. Fisher,RB,RB
A. Falatah,LB,LB
J. Ryan,RM,RM
M. Destro,ST,ST
O. Maritu,ST,ST
R. Improta,LM,LM
J. Van Rankin,CB,RB
F. Perradin,LB,CB
J. Branger-Engone,LM,LM
L. Figueroa,RW,RB
J. Forster-Caskey,CM,LM
N. Süle,CB,CB
M. Marić,CB,CB
Mayke,RB,RB
Raúl Cámara,RB,RB
D. Charles,ST,ST
Ľ. Šatka,CB,CB
S. Rafn,LB,RB
T. Ayasse,RM,RM
L. Zander,RB,RB
J. Serra,RW,ST
D. Quintero,LW,LM
S. Skrzybski,RW,ST
B. Nehrig,RM,RB
K. Dempsey,RM,LM
J. Domínguez,CB,CB
G. Gimbert,ST,ST
D. Hashioka,RB,RB
Claiton,CB,CB
P. Jagielka,CB,CB
C. Ortíz,LM,LM
J. Marquis,ST,ST
M. Munetsi,LM,RM
N. Skubic,RB,RB
D. Đoković,LM,LM
F. Chafaï,CB,CB
Jorginhson,RM,LM
M. Leye,ST,ST
C. Rolfe,LM,LM
Douglas Tanque,ST,ST
V. Hoff,LM,RM
A. Gómez,ST,LM
B. Diallo,RB,LB
Marcão,ST,ST
B. Mugabi,CB,CB
L. Paganini,RW,RM
T. Vilhena,LM,LM
T. Cele,LM,RM
S. Grønning,ST,ST
C. Lines,LM,RM
P. Herrmann,RB,RB
J. Delaplace,RM,RM
M. Díaz,LM,RM
T. Fornah,LM,RM
Kim Won Il,CB,CB
R. Schoofs,CM,LM
J. Flores,LM,LM
M. Zemzemi,CM,LM
D. Otto,ST,ST
M. Mount,LM,LM
N. Bahoui,ST,ST
J. Hoilett,LM,LM
D. Iliev,CM,LM
D. Gómez,RB,RB
Pulido,CB,CB
A. Ghareeb,LM,LM
Guruzeta,ST,ST
Song Min Kyu,LM,LM
Prazeracinho,LM,LM
L. Dubois,RB,RB
C. Hérelle,CB,RB
H. Dean,CB,CB
K. Finnbogason,ST,ST
A. Munksgaard,RB,RB
A. Ba Masoud,LB,LB
Diogo Figueiras,RB,RB
N. Jørgensen,ST,ST
J. Escobar,ST,ST
Cai Huikang,LM,LM
M. Iori,CM,RM
D. Mohamed,LM,LB
M. Depay,ST,LM
G. Zusi,RB,RM
K. Al Ghamdi,RB,RB
J. Egan,CB,CB
M. Akin,LM,LM
Allison Sireo,CB,CB
G. Hall,CB,CB
H. Akpan,LM,RM
Álvaro Lemos,RB,RB
Natinho Mestres,CB,CB
L. Da Silva Lopes,RM,ST
J. Larsson,RB,RB
S. May,ST,ST
M. Hallberg,RM,RM
G. Brugman,CM,LM
Z. Vanheusden,CB,CB
J. Kucka,LW,RM
M. Frantz,RM,LM
F. Kainz,LM,LM
David García,CB,CB
A. Calver,RB,CB
O. McBurnie,ST,ST
F. Niell,ST,ST
J. Paterson,LW,LM
K. Källström,CM,LM
R. Windbichler,CB,CB
E. Hovland,CB,CB
Teixe Gaúcho,CB,CB
I. Dia,RM,LM
A. Farrell,CB,RB
A. Pilkington,ST,ST
J. Santacruz,ST,ST
C. Salom,ST,ST
J. Gandolfi,CB,CB
E. Asante,RM,RB
B. Sosa,LB,LB
J. Igbekeme,LM,LM
R. Mahrez,RW,LM
W. Sobota,RM,LM
E. Jelenič,LM,LM
A. Tshibola,LM,RM
C. Cadden,RM,RM
T. Kleindienst,ST,ST
M. Correia,CB,CB
R. Sigurjónsson,CM,RM
N. Stanciu,CM,LM
A. Bell,LB,LB
D. Machado,LM,LB
J. Maher,CB,CB
F. Mveng,LM,RM
Adeilson Gesser,RM,LM
Henrique,CB,CB
P. Valdivia,LM,LM
E. Paredes,ST,ST
Xie Weijun,RM,ST
Sin Jin Ho,CM,RM
N. Obiora,LM,RM
M. Le Marchand,CB,CB
M. Leye,ST,ST
G. Di Chiara,LB,LB
D. Power,RB,RB
E. Echiéjilé,LB,LB
Allan Sousa,RM,LM
Y. Kurtuluş,CM,RM
M. Edjouma,CM,RM
F. Evina,LM,LM
M. Little,RB,RB
D. Mast,LM,LM
B. Behrendt,CB,CB
O. Mudrinski,ST,ST
S. Arfield,LM,RM
R. Fournier,CB,CB
R. Reyes,LB,LB
B. Bye,RB,RB
A. Robinson,LB,LB
M. El Kabir,ST,ST
Arturo Inálcio,CM,LM
Morata,ST,ST
T. Kainz,RB,RM
C. Diabaté,CB,CB
T. Lees,CB,CB
Yeom Ki Hun,LM,LM
E. Baldini,ST,LM
G. Cano,ST,ST
M. Aguirregaray,RB,RB
R. Taylor,RM,RM
M. Gómez,LW,LM
O. Diakité,LM,RM
M. Moralez,CM,LM
A. La Gumina,ST,ST
Jiang Zhipeng,LB,LB
P. Hincapié,LB,CB
M. Hofmann,CB,CB
Viti Rozada,RM,RM
D. Arreola,CB,LB
Y. Goto,LM,RM
G. Pirrone,RM,RM
R. Leichtweis,ST,ST
L. Kramer,CB,CB
Kim Won Il,CB,CB
J. Buffarini,RB,RB
M. Boselli,ST,ST
J. Onomah,RM,LM
S. Almirón,ST,ST
S. Kersten,CB,CB
A. Khrees,RB,RB
Luis Rioja,LM,LM
S. Doumbia,ST,ST
A. Trondsen,LM,LM
J. Cuadrado,RM,RB
D. Hanslik,LM,ST
G. Peev,RM,LM
M. Ishak,ST,ST
A. Yasin,RW,LM
Jason,RM,ST
M. Casco,RB,RB
S. Tibbling,LM,RM
L. Mena,RB,RB
D. Becker,RM,LM
P. Diop,LM,RM
Ignasi Miquel,CB,CB
S. Karweina,RM,ST
P. Budkivskyi,ST,ST
A. Velagic,CB,CB
Long Cheng,CB,RB
Marcão,ST,ST
David Rodríguez,ST,ST
S. Jakobsen,CB,CB
J. Kauko,RM,RM
A. Fidler,LM,RM
C. Erkin,LB,LB
Frederico Venâncio,CB,CB
D. Petratos,RM,RM
X. Shaqiri,RW,LM
T. Beltran,RB,RB
F. Rodríguez Valla,LM,LM
M. Camara,LM,RB
R. Åhman Persson,LM,LM
Marcos Llorente,RM,RM
K. Hämäläinen,CM,ST
D. Moreno,RM,RM
T. Miller,RB,RM
M. Formica,LM,LM
João Moutinho,LM,RM
L. Modrić,RM,LM
P. Riese,LM,LM
S. Igboun,CM,ST
K. Kratz,CM,RM
O. Okwonkwo,LM,RM
R. Tierney,CM,RM
G. Massey,LM,RM
Eduardo,CB,CB
J. Thiaré,ST,ST
Armando,CB,CB
M. Coda,ST,ST
N. Bancu,LB,LB
I. Diallo,LB,LB
M. Baudry,CB,CB
P. Heise,LB,LB
Vigaray,RB,RB
A. Bukia,RM,LM
A. Boyle,CB,CB
S. Naruse,RB,RB
R. Ranftl,RM,RB
S. O'Neill,CB,CB
T. Wada,LB,RB
Icaro,CB,CB
R. Lucero,RB,RB
K. Gjasula,CM,CB
N. Nkoulou,CB,CB
B. Lennon,RB,RM
Seo Min Woo,LM,RM
Y. M'Boné,CB,CB
M. Demetriou,CB,LB
Melvin Parrela,RM,RM
T. Figueroa,ST,ST
G. Gimbert,ST,ST
V. Lobry,CM,LM
M. Brasil,CB,CB
O. Clarke,LM,RM
E. Rashani,LW,LM
B. Ogbeche,ST,ST
N. Neidhart,LB,RB
F. Catarozzi,LM,LM
L. Phiri,RM,RM
K. Freeman,RB,RB
L. Galeano,CB,CB
E. Nolan,RB,RB
O. Vranješ,CB,CB
J. Bachmann,CM,CB
M. Timisela,RB,RB
I. Chebake,RB,RB
H. Taniguchi,CB,RM
M. Morrison,CB,CB
D. Bronn,CB,CB
S. Camille,LB,LB
L. Insigne,ST,LM
R. Norrington-Davies,LB,LB
S. Sané,CB,CB
M. Deady,LB,LB
S. Palombi,ST,ST
L. Labylle,LB,LM
N. Matić,LM,LM
M. Valjent,CB,CB
Pablo Rodríguez,LW,ST
A. Maund,CB,RM
D. Zeefuik,RB,RB
J. Brown,CM,LM
M. Ostrzolek,LB,LB
D. Blum,LW,ST
M. Bianchetti,CB,CB
E. Ozuna,RM,RM
S. Mugoša,ST,ST
Y. Takahashi,CB,CB
K. McLean,LM,LM
L. Chávez,RM,LM
R. Jesuraj,RM,RM
S. García,CB,LB
S. Skrabb,ST,ST
Wang Gang,RB,RB
André André,RM,RM
D. Thiam,RB,LB
M. Berisha,ST,ST
D. Keita-Ruel,ST,ST
B. Nuytinck,CB,CB
D. De Silva,LW,LM
Laguardia,CB,CB
H. Arslan,LB,LB
A. Ugur,LM,LM
Alisson,LW,LM
R. Vera,CB,CB
G. Kamara,LM,RM
A. Acevedo,CB,CB
A. Acquah,LM,RM
M. Stiepermann,RM,LM
A. Moreno,CM,RM
A. Romagnoli,CB,CB
M. Gakpa,LM,ST
T. Gornell,ST,ST
G. Shaw,ST,ST
A. Judge,LM,LM
J. Korb,RB,RB
S. Tomita,RM,RM
T. Grivosti,CB,CB
C. Wilson,ST,ST
Lee Chung Yong,CM,LM
Suso,RW,LM
K. Itakura,CB,CB
A. Powell,RB,RB
S. Foley,LM,RM
O. Ovacıklı,RB,RB
Emerson,LB,LB
J. Carbonero,LM,LM
M. Sau,LW,LM
J. Nsame,ST,ST
M. Benítez,RW,LM
Gelson Martins,RM,LM
Gilberto,RM,RB
K. Baccus,LM,LM
E. Finlay,RM,RM
M. Bakhit,RB,RB
Koke,LM,RM
Tian Yinong,CM,RM
Kim Do Heon,RM,LM
J. Radošević,CM,RM
J. Olivera,ST,ST
Ö. Şişmanoğlu,ST,ST
T. Motta,CM,LM
Í. Ávila,ST,ST
D. Sikorski,ST,ST
D. Bodul,ST,ST
B. Toma,CM,LM
J. Wallace,RM,RM
Éder Lima,CB,LB
J. Fitzwater,CB,CB
Gabrisco Aníbal,RM,RM
C. Forrester,RM,LM
Meseguer,RM,RM
S. Sáez,ST,ST
Yan Dinghao,LM,RM
J. Moe,LB,LB
A. Cutolo,LW,LM
V. Moses,RB,RM
M. Connolly,LB,CB
E. Thommy,LM,LM
J. McGinn,RM,LM
G. Poblete,RM,RM
Jacson Zonta,RM,RM
Tomás Pina,RM,RM
K. Reid,LW,LM
O. Traoré,RB,RB
José Gragera,LM,CB
H. Wahl,CB,CB
Carlos Soler,RM,RM
D. Høegh,CB,CB
D. Berbatov,ST,ST
J. Amavi,LB,LB
L. Gerson,RB,RM
R. Donelon,LB,RB
A. Younes,LW,LM
Natalio,RM,ST
P. Kirkevold,ST,ST
T. Ephestion,RM,LM
S. Motta,RM,LM
Léo Duarte,CB,CB
N. Martínez,LM,LM
Dellatorre,ST,ST
C. Piccini,RB,RB
A. Maxsø,CB,CB
J. Laso,CB,CB
D. Álvarez,ST,ST
L. McCormick,LM,LM
J. Clark,RM,LM
Y. Ōsako,ST,ST
D. Dedechko,RM,RM
G. Nkoudou,LW,LM
M. Livaja,CM,ST
A. Trusty,CB,CB
F. Melara,LW,RM
Z. Ibrahimović,ST,ST
P. Weihrauch,LM,RM
R. Isomura,RM,RM
M. Diamé,CM,RM
J. Walker,RM,LM
G. Jones,RB,RB
R. Klavan,CB,CB
G. Conti,CB,CB
S. O'Donnell,LB,RB
A. Hjulsager,LM,LM
P. Iemmello,ST,ST
Rubén Peña,RB,RB
T. Blackmon,CB,RB
A. Lippini,RB,RB
A. Oliveros,LB,LB
A. Al Shahrani,CM,LM
J. Hendrick,CM,RM
D. Petratos,RM,RM
L. John-Lewis,ST,ST
D. Mooney,ST,ST
Jonathan Viera,CM,LM
O. Gonzalez,CB,CB
T. White,LM,RM
D. Jaiyesimi,LM,RM
K. Wilczek,ST,ST
J. Rodríguez,LB,LB
Vitolo,RM,ST
A. Mitriță,LW,LM
Piqué,CB,CB
A. Sušac,CB,CB
A. Okosun,LM,RM
G. Sepúlveda,RM,RM
K. Diks,RB,RB
Bruno Peres,RB,RB
Alex Alegría,ST,ST
R. Boudebouz,CM,RM
S. Ben Djemia,CB,LB
W. Nightingale,CB,CB
A. Christiansen,CM,LM
I. Rakitić,LM,RM
A. Turan,LM,LM
Ł. Burliga,RB,RM
Emilio Sanchez,LM,LM
I. Drešević,CB,CB
F. Sammaritano,LM,LM
I. Gariglio,CB,CB
D. Pizarro,CM,LM
Mano,LB,RB
R. Bengtsson,CB,CB
C. Kenna,CB,CB
E. Aguilera,CB,CB
A. Lewis,LB,LB
Nenê,ST,ST
F. Bejan,CB,CB
C. Gutiérrez,LB,LB
C. Forrester,LM,RM
J. Paintsil,LW,LM
B. Balaj,ST,ST
N. Viola,RM,LM
G. Sandberg Magnusson,CB,RM
E. Hanstveit,CB,LB
Na Sang Ho,LM,ST
Chi Zhongguo,RM,RM
Matheus Bardeira,ST,ST
J. Hoilett,LB,LM
N. Adams,RM,RM
M. Rao Dessai,LB,LB
Zhang Wei,LM,LB
Óscar Sielva,RM,RM
L. Appéré,ST,ST
J. Moore-Taylor,CB,CB
João Moutinho,LB,RB
J. Altidore,ST,ST
Rodri,ST,ST
Y. Kalfa,RM,RM
N. Lemus,RB,RB
L. Miranda,CM,RM
L. Bittante,RM,RB
J. Bostock,RM,LM
J. Ankersen,RM,RM
J. Doig,LB,LB
L. Amarilla,ST,ST
P. Schwegler,LM,RM
Raphael Rossi,CB,CB
B. Dabanlı,CB,CB
Alex Rodríguez,LM,RM
Gonçalo Inácio,CB,CB
M. Urruti,ST,ST
A. Oroian,LW,LM
G. Suazo,LM,LM
Jorginho,CM,RM
S. Meïté,RM,RM
V. Pule,CM,LM
F. Sørensen,CB,CB
J. Morris,RW,LM
A. Laajab,ST,ST
Yohan Tavares,CB,CB
N. Isimat-Mirin,CB,CB
S. Morison,ST,ST
De Tomás,ST,ST
L. Quintana,CB,CB
S. Doungel,RM,LM
Gao Lin,ST,ST
J. van Aken,CB,CB
T. Lindenhahn,CM,RM
M. Belyaev,CB,CB
C. Verdonk,LB,LM
I. Fetfatzidis,CM,LM
S. Bender,CB,CB
C. Stuani,ST,ST
A. Hutchinson,CM,RM
R. González,LW,RM
N. Mazraoui,RB,RB
A. Zeneli,LM,LM
R. Towell,LM,RM
P. Koronkiewicz,RB,RB
E. Jelenič,RM,LM
Kaká,CM,LM
M. Wichmann,RM,RM
L. Cinterio,RM,LM
F. Jørgensen,RM,RM
J. Tallo,ST,ST
H. Milić,LM,LB
M. Donati,CM,RM
R. Slevin,LB,LB
T. Augello,LB,LB
S. Sirigu,RB,RB
Antônio Carlos,CB,CB
I. Bennacer,LM,LM
E. Larsson,RB,RB
A. Rojas,LM,LM
T. Kahlenberg,RM,RM
T. Nishimura,LW,ST
J. Bolingi,ST,ST
J. Marsiglia,CB,LB
Júlio Tavares,ST,ST
S. Meïté,LM,RM
B. Idowu,RB,RB
B. Mechele,CB,CB
Akapo,RB,RB
B. Kamau,RW,RM
Ł. Trałka,RM,RM
C. Kinsombi,RM,LM
Filipe Ferreira,LB,LB
K. Vogt,CB,CB
A. Martin,ST,ST
M. Ardemagni,ST,ST
Z. Dedič,ST,ST
Vitolo,RM,RM
A. Wildig,RM,LM
P. Aguilar,LB,RB
Luis Pérez,RB,RB
A. D'Alessandro,RM,LM
A. Forde,RB,RM
Kim Won Il,CB,CB
C. Keller,LM,RM
A. Fall,LB,RB
L. Norris,ST,ST
Marcelo,CB,CB
L. Miller,RB,CB
E. Sala,ST,ST
B. Douglas,LB,LB
Otávio Cairinho,CB,CB
M. Arroyo,CM,LM
Tarantini,RM,RM
Ontiveros,LM,LM
A. Belotti,ST,ST
J. Fleck,LM,LM
N. Höfler,LM,RM
L. Kelly,RM,RM
S. Gerrard,LM,RM
V. Agardius,CB,LB
M. Gardyne,RM,LM
R. Zozulya,ST,ST
L. Rodríguez,RB,RB
L. Brown,LB,LB
Carbonell,RM,LM
J. Kamiński,LM,RM
M. Pereyra,CM,LM
C. Kerbrat,CB,CB
R. Bonevacia,RM,RM
D. Quilumba,CB,CB
J. Maja,ST,ST
C. Osmanpaşa,CB,CB
J. Estrada,RM,LM
A. Kurdy,RB,RB
T. Boni,RM,CB
S. Živec,RM,LM
O. Moruțan,RM,LM
S. Grippo,CB,RM
Miguel Veloso,LM,LM
M. Tacalfred,CB,CB
C. Colkett,RM,LM
Wilson Manafá,LB,RB
H. Henao,LM,RM
Bruno,LM,LM
Y. Gordillo,LM,RM
A. Fischer,LB,RB
J. Minala,CM,RM
N. Špalek,CM,LM
J. Vargas,CB,CB
Caio Nunson,CB,CB
T. Zündel,RB,RB
M. Bühler,CB,CB
D. Szoboszlai,LM,LM
M. Debuchy,RB,RB
J. Holebas,LB,LB
L. Reyes,LM,RM
C. Nyman,ST,ST
A. Kolomeytsev,ST,RM
Carlos Ruiz,CB,CB
B. Martella,LB,LB
A. Çalık,CB,CB
A. Gonçalves,RB,RM
E. Višća,RM,LM
J. Cuero,LM,LM
A. Melgalvis,RB,RB
G. Ludwigson,ST,ST
O. Holm,CM,LM
J. Livermore,RM,RM
C. Tilt,CB,CB
J. Henderson,CM,RM
L. Singh,LW,LM
D. Daniels,CB,CB
N. Eardley,RB,RB
H. Behrens,RM,RM
J. Kappelhof,CB,RB
M. Schmerböck,ST,LM
A. Peláez,RW,ST
R. Wallner,ST,ST
K. Mellor,RB,RB
R. Botta,RW,LM
S. Muwashar,LM,RM
M. Liendl,CM,LM
T. Conlon,LM,LM
Y. Kechta,LM,LM
I. Sosa,RM,RM
K. Pearce,CB,CB
J. Thomsen,RB,RM
Ş. Can,CB,CB
D. Gómez,RM,LM
C. Zambrano,CB,CB
Javi Fuego,LM,RM
H. Boumous,CM,LM
R. Raveloson,LM,RM
G. Jean,CB,CB
D. Nazarov,LM,ST
C. Wood,LB,LB
S. Al Nabit,ST,ST
Elias Fontoira,CM,RM
K. Mbodji,CB,CB
M. Fledderus,LM,LM
A. Doucouré,LM,RM
D. Wotherspoon,LM,RB
Ricardo Lopes,LM,ST
L. Fuentes,LB,LB
M. Jakobsen,CB,CB
Cristóbal,RM,RM
Dalmau,RB,RB
I. Kabore,RB,RB
D. Godín,CB,CB
F. Becker,RM,LM
L. Hendrie,LB,RB
F. Castillo,LM,LM
C. O'Keeffe,RB,RB
D. Vera,ST,ST
M. Isla,RB,RB
C. Hidalgo,ST,ST
L. Janson,LW,ST
I. Baldé,ST,ST
S. Ascacíbar,RM,RM
B. Schenkeveld,CB,CB
M. Ginter,CB,CB
J. Djourou,CB,CB
K. Kawamata,ST,ST
K. Demirbay,CM,LM
K. Freeman,RB,RB
V. Basha,LM,LM
A. Al Yousef,LB,LB
E. Brignola,RM,RM
P. Ševčík,LM,LM
Fernando Canesín,CM,LM
Unai López,RM,RM
E. Revolledo,RM,LM
S. Rivera,LM,LM
J. Trindade,RM,RB
A. Diamanti,CM,LM
J. Muñoz,CB,CB
Ewerton,RM,RM
J. Hayes,LM,LB
Emilio Nsue,RB,RB
Á. Fernández,RM,LM
E. Barreto,RM,RM
A. Wiegel,RM,ST
M. Ljujić,RM,LM
N. Onuoha,RB,CB
D. Prendergast,CB,CB
T. Reginiussen,CB,CB
Portu,RM,LM
De Marcos,RB,RB
Y. Candelo,RB,RM
R. Lukaku,ST,ST
M. Shereef,CB,RB
A. Knockaert,RM,LM
E. Harrison,ST,ST
J. Grealish,RM,LM
D. Olaru,LM,RM
A. Vrenezi,ST,LM
M. Pinato,RW,LM
C. Arrieta,RB,RB
V. Janelt,LM,LM
J. Menéndez,LW,LM
M. Alfonso,RM,LM
R. Gucher,CM,LM
T. Baldé,RB,RB
S. Madera,CB,CB
A. Monfray,CB,CB
Ramón Folch,LM,RM
C. Valenzuela,LM,LM
M. Nešpor,ST,ST
H. Hajradinović,CM,LM
J. Senparabia,LB,LB
F. Back,RB,RB
L. Gil,LM,LB
M. Sulejmani,LM,LM
J. Martínez,ST,ST
A. Ajdarević,ST,LM
A. Halilović,RM,LM
Renê Santos,CB,CB
J. Rodríguez,LM,RM
A. Romero Gamarra,RM,LM
D. Schnegg,LB,LB
E. Pulgar,CM,RM
J. Iturbe,RM,LM
A. Doucouré,RM,RM
Lee Jae An,CM,LM
Y. Ayoub,CM,LM
Oh Seung Bum,LM,RM
S. Mölders,ST,ST
N. Rigoni,RM,RM
L. Ocampos,LM,LM
T. Seferi,ST,ST
M. Pittón,LM,RB
Bobô,ST,ST
E. Buendía,RM,RM
C. Larotonda,CM,RM
J. Wallace,RM,LM
B. Osayi-Samuel,RM,RM
F. Viviani,LM,RM
Luís Martins,LB,LB
C. Benteke,ST,ST
Hugo Seco,LM,RM
R. Swan,ST,ST
F. Guerra,CB,CB
F. Martorell,CB,CB
Jiang Zhipeng,LB,LB
Ramalho,CB,CB
C. Martin,ST,ST
G. Gönül,RB,RB
K. Manneh,LM,LM
J. Roussillon,LB,LB
Guilherme,RM,RM
E. Upson,RM,RM
L. Noriega,LM,RM
B. McKay,ST,ST
Ko Kwang Min,LM,RB
Jiang Guangtai,CB,CB
José Kanté,ST,ST
S. Stefanutto,LB,LB
P. Hetemaj,RM,RM
B. Moukandjo,ST,ST
G. Sauro,CB,CB
A. González,LM,LM
Costinha,CM,RM
E. Bardhi,LM,LM
S. Al Muwallad,RB,RB
F. Lauenborg,LM,RM
N. Austin,LB,CB
L. Peltier,RM,RB
M. López,CB,CB
E. Hallfreðsson,LM,LM
H. Faik,RM,LM
C. Kouan,CM,LM
S. Șerban,LB,LB
A. Mina,CB,CB
C. Almeida,LB,LB
Marçal,LB,LB
J. Ščuk,LM,RB
Ivo,CM,LM
I. Cacheiro,ST,LM
S. Cansdell-Sherriff,CB,CB
B. Acosta,CB,CB
M. Możdżeń,RM,RM
T. Viúdez,LM,LM
Marcundo Rochela,ST,ST
Marcos Paneira,LM,LM
D. Dumfries,RB,RB
E. Tavşan,RW,RM
H. Zackrisson,CB,CB
Mardial Cunha,CB,CB
I. Turner,RM,RB
K. Olsson,CM,RM
Cédric,RB,RB
C. Kerbrat,CB,CB
A. Giménez,RB,RB
S. Barreiro,CB,CB
T. Kleindienst,ST,ST
D. Türüç,RM,LM
K. Vermeulen,CM,LM
A. Cervantes,RM,RM
N. Low,RM,LM
Rúper,LM,RM
N. Lüchinger,RB,RB
F. Acerbi,CB,CB
H. Kawabe,RM,RM
Z. Tripić,LM,RM
K. O'Sullivan,RM,RM
J. David,ST,ST
S. Seth,RB,RB
J. Bager,CB,CB
N. Featherstone,RM,RM
B. Sigmund,CB,CB
S. Buyl,LM,LM
M. Mavraj,CB,CB
T. Gamiette,RM,RM
E. Rabanal,RB,RB
Formosandrinho,ST,ST
N. Byrne,RB,RB
F. Acheampong,ST,LM
J. Murphy,ST,LM
V. Agardius,LB,LB
A. Surman,RM,LM
Tiago Mesquita,RB,RB
A. Albanese,RM,LM
J. Bitter,RB,CB
T. Anjorin,RW,RM
B. Bese,RM,RB
Marc Roca,RM,LM
M. Caligiuri,CB,RM
R. Müller,CB,CB
O. Gonzalez,CB,CB
M. Vermijl,RB,RB
C. Remmer,RB,RB
M. Roman,ST,ST
A. Nemec,ST,ST
D. Lazović,LM,RM
M. Dalé,ST,ST
Césario Figueirido,CB,CB
Cristian Gómez,LM,LM
A. Badji,ST,ST
P. Jagne,LB,LB
Sin Se Gye,RB,RB
I. Kiese Thelin,ST,ST
F. Aursnes,LM,RM
N. Borchers,CB,CB
D. Marcq,RM,CB
A. Sulu,CB,CB
P. Mouche,CM,LM
N. Breitenbruch,CB,RB
M. Fofana,LM,LM
E. Ofori,RM,LM
A. Mitrović,ST,ST
M. Deplagne,CB,CB
K. Hansen,CB,CB
Carlos Eduardo,CM,LM
D. Djené,RB,RB
N. Milenković,CB,CB
Matheus Bardeira,ST,ST
J. Sørensen,RM,RM
F. Arrué,LM,LM
F. Vanzo,CM,RM
A. Rinomhota,RM,RB
J. Larsson,CM,ST
E. Boateng,LM,ST
M. Valverde,LM,LM
A. Yarmolenko,RM,ST
C. Marshall,CB,CB
M. Almirón,LW,LM
A. Diawusie,RW,ST
J. Nation,CB,CB
Leândro,RM,LM
S. Skrzybski,RW,LM
A. Mitrović,ST,ST
K. Ludewig,RB,RB
H. Bedimo,LB,LB
U. Uçar,RB,RB
E. Kara,ST,ST
P. Ruiz,LM,LB
Fontàs,CB,CB
S. Ajayi,CB,CB
Álvaro García,LM,LM
L. Jara,RB,RB
Bruno Aguiar,CB,CB
F. Lauenborg,LM,RM
D. Batth,CB,CB
Jeong Seung Won,ST,RM
D. Veselinović,ST,ST
R. Philippoteaux,LM,LM
Yuri Ribeiro,LB,LB
K. Hachisuka,RB,RB
J. Bořil,LB,RB
M. Kristensen,ST,ST
B. Karamoko,CB,CB
E. Gyasi,RM,LM
Heitor Mutto,RM,ST
Castro,LM,RM
M. Heinloth,RB,RB
Rafa Soares,LB,LB
A. Ba,RM,ST
M. Udol,LB,LB
N. Brock-Madsen,ST,ST
Vanderlei Cõembra,RB,RB
L. Ainsworth,RM,LM
M. Fenger,LW,ST
D. Mullen,CB,CB
W. López,LM,LB
J. Grealish,LW,LM
P. Sinnott,RM,CB
N. Boranijašević,RB,RB
L. González,CM,LM
Ł. Wroński,RM,RM
F. de la Fuente,LM,RM
A. Whitmore,CB,CB
C. McAleer,RM,RM
H. Souttar,CB,CB
W. Díaz,CB,CB
B. Petković,ST,ST
Y. Andreu,LB,RB
G. Coke,RM,RM
R. Faivre,CM,LM
F. Di Mariano,LW,LM
Yeray,CB,CB
C. Blackett-Taylor,LM,LM
H. Barnes,LM,LM
M. Hinteregger,CB,CB
C. Baeza,RM,RM
A. Morelos,ST,ST
Sandro Manoel,LM,RM
R. Santos,RB,CB
J. Martin,LM,LM
E. Le Fée,CM,LM
S. Whittaker,RB,RB
C. Psyché,CB,CB
P. Schwegler,RM,RM
A. Armstrong,ST,ST
D. Diamantakos,ST,ST
S. Nicholson,RM,RM
E. Moreno,LM,LM
B. Cheyrou,LM,LM
K. Browne,CB,CB
M. Ruiz,RM,LM
J. Thiaré,ST,ST
K. Cabral,LM,LM
M. Pearson,LB,CB
P. Valdivia,CM,LM
P. Kirk,LB,LB
Jesiel,CB,CB
A. Smith-Brown,LB,RB
A. Rooney,ST,ST
S. McKenna,CB,CB
M. Tissot,LB,LM
A. Hrustić,LM,LM
N. Colazo,LM,LB
K. Kerschbaumer,LM,RM
B. Dejaegere,LM,RM
S. Findlay,CB,CB
F. Andrijašević,LM,ST
Nacho Monreal,LB,LB
M. Linnes,LB,RB
J. Baumgartlinger,RM,RM
D. Jones,LM,LM
A. Saint-Maximin,RW,LM
J. Valdés,LM,LM
J. McClean,LB,LM
Isaías,CM,RM
A. Williams,ST,ST
F. Hinestroza,RM,LM
S. Cordero,LB,CB
A. Amadi-Holloway,RM,ST
C. Galano,RW,LM
J. Larsen,CB,CB
A. Reca,LM,RM
L. Ferreyra,LM,LM
A. Kruiswijk,CB,CB
A. Medina,RW,LM
R. Ripart,RB,RM
B. Raman,RM,ST
R. Opruț,LB,LB
Edú,ST,ST
S. Vecchia,LW,LM
A. Al Mutairi,CM,ST
M. Hector,CB,CB
T. Aoyama,RM,RM
Ramalho,CB,CB
B. Fernandes,LM,RM
A. del Valle,ST,ST
M. Guilavogui,RM,LM
T. Edwards,CB,RB
D. Pleva,RB,RB
Paulolettinho,CM,RM
J. Vuković,CB,CB
Salvador Agra,RW,LM
E. Heskey,ST,ST
Kim Jin Su,LB,LB
P. Lakra,RB,RB
M. Eskihellaç,RM,RM
J. Harvey,LB,LB
F. Krovinović,CM,LM
L. Insigne,LW,LM
Su Yuanjie,LW,ST
S. Kießling,ST,ST
Germán,CB,CB
R. Bauer,CB,RB
G. Cimirot,RM,RM
M. Cetnarski,LM,RM
A. Maxsø,CB,CB
M. Kouogun,CB,CB
A. Samedov,RM,RM
Kim Shin Wook,ST,ST
A. Diop,CB,CB
Noh Haeng Suk,CB,CB
J. Amoroso,RM,RM
M. Dominguez,RM,LM
Y. Tielemans,LM,LM
H. Andersson,CB,CB
M. Dembélé,LM,LM
M. Riquelme,ST,ST
A. Acevedo,CB,CB
R. Schilder,LB,LM
A. Zito,LM,LB
E. Ngwatala,LM,RM
A. Kuhl,RM,RM
A. Aldrete,LB,LB
A. Linguet,RB,RB
Javi Fuego,CM,LM
Z. Çelik,RB,RB
F. Hanin,LB,LB
R. Janicki,CB,CB
Emerson,RB,RB
Zheng Zheng,LB,LM
Jesús Jiménez,LM,LM
B. Bye,RB,RB
Maurício Ramos,CB,CB
E. Pérez Greco,ST,ST
D. Silva,LM,RM
Xabi Prieto,RM,RM
S. Dursun,ST,ST
M. Arini,RM,RM
A. Karenshi,LM,LM
P. Netzer,CB,CB
Á. Kecskés,CB,CB
K. Toko Ekambi,LW,ST
R. Lindkvist,LB,LB
R. Cohade,LM,RM
G. Whelan,CM,RM
M. Pereira,LB,RB
B. Halliday,RB,RB
Chiquinho,CM,LM
Rayo,CM,RM
Fábio Nunes,LB,LM
S. Bamba,CB,CB
R. Zozulya,ST,ST
J. Wallace,RM,RM
Nathan Otávio,CB,CB
J. Bridge,RM,LM
C. Salcedo,CB,CB
M. Kennedy,LM,RM
Alcatraz,RB,RB
Jadson,CB,CB
H. Muath,RB,RM
B. Dickenson,LB,LB
S. Spierings,CM,LM
M. Watson,RM,RM
Nauzet Alemán,RM,RM
D. Frick,CB,LM
P. Wiśniewski,CB,CB
C. Rodríguez,LB,RB
Rubén Castro,ST,ST
S. Harrison,CB,CB
D. Ndong,RM,RM
H. Bazile,LM,LM
Braga,CM,LM
L. Miranda,RM,RM
C. Techera,RM,LM
Giuliano,CM,LM
E. Hoxhallari,LB,CB
C. Krempicki,LM,LM
K. Petrov,CB,CB
L. Payares,CB,CB
H. Lozano,LW,LM
N. Oduamadi,LW,LM
T. Moutinho,LM,LM
Ó. Trejo,LM,LM
Tiri,CB,CB
C. Trimmel,RB,RB
D. Díaz,CB,CB
G. Evans,LM,LM
J. Mahon,CB,CB
S. Sararer,LM,ST
C. Whelan,LM,RM
N. Süle,CB,CB
K. De Bruyne,RM,LM
A. Wede,LM,LM
Salvador Agra,LW,RM
G. Xhaka,LM,LM
J. George,RM,ST
J. Dueñas,LB,RM
L. Dalla Valle,ST,ST
F. Mendy,LB,LB
F. Torijano,CB,CB
R. Kosznik,LM,LB
A. Chapman,RM,RM
R. Lambe,RM,RM
S. O'Donnell,RB,RB
D. Boldor,CB,CB
A. Lawless,CM,RM
Bruno Andrade,RM,LM
L. Blas,CM,LM
Ricardo Horta,RM,LM
E. Zelaya,ST,ST
J. Goossens,LM,LM
T. Makowski,LM,RM
M. Đuričin,ST,ST
A. Davies,LM,LM
D. Delaney,CB,CB
Zhang Chengdong,RB,RM
Djavan,LB,LB
Y. Touzghar,ST,ST
Bruno Saltor,RB,RB
André Santos,LM,RM
D. Matsuoka,RM,RM
Y. Gómez Andrade,CB,CB
A. Ławniczak,CB,CB
A. Leya Iseka,ST,ST
A. Johnston,RM,RM
A. Veznera,LM,LB
Y. Cissako,RB,RB
Pitu,LM,LM
M. Rosheuvel,RM,LM
Iñaki Williams,ST,ST
Dani Ojeda,RM,LM
H. Benincasa,CB,CB
J. Boëtius,CM,LM
B. Celeski,RM,LM
P. Djilobodji,CB,CB
Nino,ST,ST
J. Kovařík,LW,LM
J. Cabot,RW,LM
Muniain,CM,LM
J. Cordoval,RB,RB
A. Ramsey,RM,RM
Dalmau,ST,ST
J. Williams,CM,CB
J. Börner,CB,CB
A. Bouzat,LW,LM
Ruben Lima,LB,LB
J. Dom,RB,RB
N. Guerra,ST,ST
S. Kulovits,LM,RM
Bremer,CB,CB
Y. Kobayashi,RM,ST
W. Al Swed,LB,LM
L. Ridgewell,CB,CB
Alberto,RM,RM
Vitolo,LM,RM
B. Ca,LM,RM
D. Bottinelli,LM,LM
Rafa,LW,LM
F. Zambrano,RB,RM
O. Malik,CB,CB
K. Piątek,RM,ST
B. Popovic,CB,CB
A. Nemec,ST,ST
S. Schonlau,CB,CB
F. Escobar,RB,RB
M. de Roon,RM,RM
R. Soriano,RM,RM
H. Moussaki,ST,ST
M. De Sciglio,LB,RB
F. Roncaglia,CB,CB
E. Gómez,LB,LB
D. Moxey,LB,LB
Tiago Silva,RM,RM
Xiao Zhi,ST,ST
S. Cox,ST,ST
Marlos,RM,LM
Y. Namli,RM,LM
L. Klünter,RB,RB
T. Minamino,ST,LM
Bruno,CB,CB
S. Štilić,LM,LM
N. Bakboord,RB,RB
H. Arslan,RM,RM
N. Al Dhafeeri,RM,CB
T. Fosu,LM,LM
Antônio Carlos,CB,CB
D. Svensson,LM,RM
C. Ünder,RM,LM
D. Wheater,CB,CB
F. Leutenecker,RB,RB
E. Lancini,CB,CB
M. Plattenhardt,LB,LB
F. Ramírez,LM,RM
E. Paredes,ST,ST
F. Klein,RB,RB
I. Nestorovski,ST,ST
E. Benavidez,RM,LM
L. Martin,LM,ST
L. Dumitriu,LM,RM
T. Heurtaux,CB,CB
Juanpe,CB,CB
Alan Patrick,LM,LM
Ó. Balanta,CB,RM
Mateus,LM,LM
B. Comley,LM,RM
D. Rose,CM,LM
T. Prica,ST,ST
T. Borevković,CB,CB
D. Vlahović,ST,ST
C. Cooper,LM,RM
G. Kuol,LM,LM
J. Sala,RB,RB
R. Oshima,LM,LM
D. Perkins,LM,LM
A. Rufer,LM,RM
P. Michorl,LM,LM
L. Angol,ST,ST
M. Pusic,ST,ST
Y. Murillo,ST,ST
M. Velisar,LB,LB
O. Richards,LB,LB
J. Rodríguez,LM,RM
J. Duque,LM,RM
O. Bravo,ST,ST
J. Obi,RM,LM
Johnathan,ST,ST
J. Cárdenas,LM,LM
S. Taniguchi,CB,CB
R. Callachan,LM,RM
S. Griffin,CB,LB
A. Zambrano,RM,RM
O. Martins,ST,ST
F. Pfanne,RM,CB
L. Duarte,LM,RM
J. Pi,CM,RM
T. Eaves,ST,ST
A. Milik,ST,ST
H. Smith,ST,ST
J. Madrid,CB,RB
P. Thrier,RB,CB
S. Mrowca,RB,RM
S. Peeters,LM,LM
S. Ingason,CB,CB
K. Furuhashi,LW,LM
J. Ngoy,ST,ST
D. Muñoz,RB,RB
G. Cooper,LW,LM
T. Alderweireld,CB,CB
S. Salinas,LB,RM
S. Romero,ST,ST
A. Boyle,CB,CB
J. Fortes,RB,CB
Eduardo Santos,CB,CB
J. Sullivan,LM,RM
K. Velde,LW,LM
C. Arrua,RM,LM
H. Abe,CM,RM
J. Roye,LM,LM
B. Al Ahbabi,RB,RB
Dani Olmo,RM,LM
P. Mpoku,RM,LM
Fran Mérida,RM,LM
G. Cros,LB,LB
A. Laporte,CB,CB
F. Cristaldo,LW,LM
R. Stewart,LM,ST
F. Soldano,ST,ST
A. Ring,RM,RM
A. Kokorin,ST,ST
M. Wagner,CM,ST
D. Keane,LM,LM
J. Thielmann,RM,ST
J. Howells,LM,LB
E. Hysaj,RB,RB
L. Traoré,ST,ST
C. Daniels,LB,LB
L. Woudenberg,LB,LB
J. Giraldo,LB,CB
L. Coyle,CM,RM
D. Kobayashi,RM,RM
B. Pelé,LW,RM
G. Terrani,LW,LM
N. Niemann,ST,LM
K. Laifis,CB,CB
C. Booth,LB,LB
N. Atangana,LM,RM
J. Villafaña,LB,LB
J. Brenet,RB,RB
K. Sigurðsson,RW,ST
L. Castaignos,ST,ST
D. Florea,ST,ST
M. Katzer,CB,LB
P. Mortensen,ST,ST
E. Çani,ST,ST
R. Östlind,LM,LM
Pedro Sánchez,RM,LM
R. Martínez,LM,RM
A. Limbombe,LW,LM
S. Stankevičius,LM,ST
C. Townsend,LB,LB
L. Sutton,RB,RM
C. Ortíz,LM,LM
A. Ogbonna,CB,CB
Fontàs,CB,CB
B. Dickenson,LB,LB
D. Rivillo,RB,RB
M. Bakalorz,RM,RM
J. Faussurier,CM,RM
A. Ndiaye Diedhiou,LM,LM
H. Pernía,CB,CB
M. Ruben,ST,ST
J. Zoua,ST,ST
E. Karic,LB,LB
B. Safari,LB,LB
R. Bajić,ST,ST
K. Bua,RM,LM
Kim Jin Ho,RB,RB
P. Herrmann,RM,LM
C. Arcus,RB,RB
F. Monteseirín,CB,CB
X. Arreaga,CB,CB
P. Madden,RM,ST
M. Aarons,RB,RB
N. Ueda,CB,CB
D. Sallói,LM,ST
D. Bejarano,RB,RB
B. Halloran,RM,LM
C. Mavinga,CB,LB
A. Sánchez,CM,RM
Xisco,ST,ST
Álvaro Vázquez,ST,ST
I. Brizuela,RM,LM
Santi da Bruma,ST,LM
A. Lewis,LM,LM
Alex López,LM,RM
Juli Freitinho,CB,CB
R. Métanire,RB,RB
K. Hill,RM,ST
L. James,RM,ST
Ivo Rodrigues,RM,LM
Eber Bessa,CM,RM
L. Zahović,ST,ST
R. Murawski,LM,RM
Kim Chi Gon,CB,CB
L. Ebecilio,RM,LM
K. Bua,LM,LM
F. Smolov,ST,ST
Mario Gaspar,RB,RB
V. Berezutskiy,CB,CB
I. La Rocca,CB,CB
C. Bernardi,LM,LM
O. Martínez,LM,LM
Rafhael Lucas,ST,RM
S. Birnbaum,CB,CB
Benjamin Meseira,RB,RB
M. Uslu,LB,LB
Vieirundinho,CB,CB
M. Døhr Thychosen,RB,RM
A. Crescenzi,LB,RB
A. Koné,RM,ST
L. Flach,LM,LM
Y. Bolasie,ST,LM
M. Arzuaga,ST,ST
Marquinhos,CB,CB
M. Saymak,RM,LM
J. Ortiz,CM,RM
Joãozinho,LB,LB
D. Holm,RW,LM
S. Adekugbe,LB,LB
B. Ivanović,RB,CB
M. Crooks,LM,RM
G. Peñalba,LM,RM
R. Živković,ST,ST
Héctor Bellerín,RB,RB
J. Sobociński,CB,CB
G. Dobson,CM,RM
H. Ángeles,LW,LB
J. Cranston,LB,LB
M. Brozović,LM,LM
F. Ebosele,RM,RB
A. Rivas,LM,RM
D. Nishi,RB,RM
M. Curado,CB,CB
M. Praszelik,LW,LM
G. Angella,CB,CB
D. Saddiki,RM,RM
G. Šukalo,LM,CB
A. Mosór,CB,CB
N. Opoku,CB,CB
D. Asprilla,RM,LM
D. Pranjić,LM,LB
M. Thorsby,RM,RM
M. Brighi,RM,RM
S. Lovric,CM,RM
A. Robinson,LB,LB
J. Zmrhal,LM,LM
D. Grubb,RM,RM
Jean Carlos,LM,RM
H. Ruíz,CM,LM
Raúl Navas,CB,CB
S. Polter,ST,ST
Pulido,CB,CB
Pedro Bicalho,RM,RM
A. Cicâldău,LM,RM
A. Rose,CM,RM
B. Martins Indi,LB,CB
Y. van Nieff,CM,LB
C. Bolger,CB,CB
A. Grant,CB,CB
P. Ng,RB,RB
J. Lewis,LB,LB
O. Lancashire,CB,CB
M. Franke,CB,CB
L. Fuentes,LB,LB
J. Storey,CB,CB
O. Şahan,RM,LM
M. Mehlem,CM,LM
J. Magique,RM,LM
C. de Pena,LM,LM
M. Pedersen,CM,RB
S. Shashoua,RM,LM
S. Gallagher,ST,ST
R. Kosznik,LB,LB
J. Juelsgård,CB,LB
B. Zajić,CM,LM
Pepelu,CM,LM
J. Frimpong,RB,RB
P. Robinson,CB,CB
L. Delgado,CM,CB
P. Förster,CM,LM
V. Dávila,CM,LM
V. Manceau,RB,RB
T. Coyle,LM,LM
Lee Eu Ddeum,LB,LB
J. Bowery,RM,ST
C. Christie,RB,RB
L. Vyntra,CB,CB
S. Vegas,LB,CB
Lee Hyun Sik,RM,RM
A. Gouiri,ST,LM
H. Al Juhayyim,ST,ST
P. Hrošovský,LM,RM
C. Grenier,CM,LM
C. Johnson,RB,RB
J. Cordoval,RB,RB
T. Thompson,RB,RM
Ramón Folch,RM,LM
Roberto Soira,CB,CB
M. Satriano,ST,ST
B. Perlaza,RM,RM
A. Mosquera,CB,RB
J. Isaksen,RM,RM
D. de Wit,LM,RM
T. Lees,CB,CB
M. Hartmann,ST,ST
F. Fazio,CB,CB
D. Johnson,CM,LM
D. Ferguson,LB,LB
D. Lazović,LM,RM
Wang Tong,RB,RB
J. Toljan,LB,RB
M. Sadílek,LM,LM
R. Ortiz,LM,LM
T. Matlaba,LB,LB
R. Khedira,CM,CB
A. Guira,RM,RM
Sergio Busquets,CM,LM
A. Omrani,RM,LM
M. García,LM,LM
N. Cozza,LB,LB
K. Mączyński,RM,RM
N. Barazite,CM,LM
S. Nilsen,CM,RM
Nuno Coelho,CM,RM
Jovane Cabral,LW,LM
Gustavo Lobateiro,RM,ST
R. Kerrouche,LM,LM
Tomás Ribeiro,CB,CB
Filipe Melo,LM,CB
J. Kerr,CB,CB
Nicholas Aldair,ST,ST
G. Villarruel,RM,LM
P. Lasogga,ST,ST
J. Sabbatini,LM,RM
M. López,LM,LM
Álvaro,ST,ST
L. Dickmann,RB,RB
L. Insigne,LW,LM
A. Morley,RM,RM
P. Parra,RB,LM
C. Shields,RM,RM
B. Burling,CB,CB
B. O'Neill,LM,LM
J. Isijara,RM,RM
M. Icardi,ST,ST
Q. Menig,LW,LM
H. Dalsgaard,RB,RB
G. Perea,CB,CB
T. Olsen,LW,LM
L. Diony,ST,ST
Anderson Oliveira,RW,LM
João Cancelo,RB,RB
R. Almeida-Santos,CB,CB
T. Smith,RB,RB
N. Maupay,ST,LM
H. Ekstein,RM,RM
M. Dal Hende,LB,LB
G. Bora,CB,CB
J. Zwischenbrugger,LM,CB
M. Sobottka,LM,RM
D. Demme,LM,RM
M. Semakin,CM,LM
V. Szilágyi,ST,ST
Kim Jin Hyuk,CB,CB
K. El Berkaoui,RW,ST
M. Dittgen,LM,LB
N. Boogaard,CB,CB
G. Vallecilla,CB,CB
W. Zimmerman,CB,CB
J. Harris,RM,RM
S. Medina,CB,RB
D. Dennehy,CB,CB
Vágner Corraldo,LB,LB
A. Townsend,RM,LM
M. Abeid,LM,LM
C. Kerbrat,CB,CB
B. McKay,ST,ST
K. Waston,CB,CB
T. Huddlestone,CM,RM
Jaimosa Cavaco,RB,RB
T. Bunmathan,LB,LB
H. Andreasen,RM,RM
Góngora,LB,LB
Wellington Nem,CM,LM
D. Horgan,RM,LM
F. Gytkjær,ST,LM
K. Trippier,RB,RB
C. Nyman,ST,ST
J. Seri,LM,RM
Jony,LM,LM
B. Bingham,LM,LM
L. Tomlin,CM,ST
Iñigo Ros,LM,RM
Campins,RB,RB
R. Vincelot,LM,RM
Martín,RB,RB
F. Fabra,LB,LB
M. Pardo,LM,LM
F. Bravo,CB,RM
C. Baumgartner,LM,LM
L. Gülen,CB,CB
Y. Gazinskiy,LM,LM
D. Bocanegra,CB,RB
Y. Asprilla,CM,LM
R. Hennings,ST,ST
G. Caprari,LW,LM
T. Hernández,LB,LB
B. Purkiss,RB,RB
A. Barison,CB,CB
A. Shinnie,CM,LM
N. Baranov,CB,CB
A. Al Zori,LB,LB
Granero,LM,LM
A. Putivtsev,CB,CB
Kike García,ST,ST
M. Kremer,LM,ST
M. Koné,ST,ST
N. Cova,LB,LB
E. Brítez,CB,RB
O. Halvorsen,RM,RM
Bernard,LM,LM
Vítor Gonçalves,RM,RM
J. Toivio,CB,CB
J. Le Cardinal,CB,CB
N. Yeri,RM,RM
N. Bungert,CB,CB
N. Thompson,CB,RB
G. Lapslie,CM,RM
J. Gazibegović,RB,RB
Fabiano Souza,RM,RB
K. Källström,RM,LM
L. Gugganig,CB,CB
Rubén García,LM,LM
O. Rodríguez,LB,LB
M. Kristensen,RW,LM
S. Hertner,LB,LB
Benja,ST,ST
F. Poli,CB,CB
Malcom,RM,RM
A. El Ghazi,LW,ST
D. Myrestam,CB,LB
A. Hughes,CB,CB
K. Laimer,RM,RM
Carlinhos,LM,LM
O. Ejaria,LM,LM
S. Weissman,ST,ST
Echaide,CB,CB
Rômulo,RM,RM
L. Atakora,RM,RM
A. Fallatah,CB,CB
M. Derbyshire,ST,ST
C. Auzqui,RW,ST
Liao Junjian,CB,RM
J. Fontaine,RM,RM
J. Pritchard,RB,RM
Rosberto Dourado,RM,RM
Carles Planas,LB,LB
P. Kotal,CB,RB
E. Yilmaz,LM,LM
P. Pérez,RM,RM
D. Bottinelli,LM,LM
F. Bernardeschi,RM,LM
Jonathas,ST,ST
V. Parigini,RM,ST
Jannick,RM,RM
R. Nanni,ST,ST
D. Neil,RM,RM
D. Didavi,CM,LM
M. Maranda,CB,CB
F. Caligara,LM,LM
Pedro Santos,RM,LM
André Gomes,LM,LM
T. Pochettino,LM,RM
Christian Fernández,CB,CB
S. Meza,RM,RB
Y. Fortune,ST,ST
Filipe Ferreira,LB,LB
K. Lawrence,LB,LB
R. Utsiev,RB,RB
F. Viviani,CM,RM
P. Haring,RM,CB
Lei Tenglong,CB,CB
A. Reach,RW,LM
J. Kiwior,CB,CB
Cauê,CM,RM
J. Maclaren,ST,LM
S. Sirigu,RB,RB
N. Lima,LB,RB
F. Macheda,LW,ST
R. Koren,RM,LM
F. Fagúndez,ST,ST
M. Rybus,LM,LB
A. Favilli,ST,ST
L. Díaz,LM,LM
D. Post,CM,LM
Afonso Taira,CM,RM
N. Sánchez,CB,CB
Everton Andrão,RM,RM
V. Henry,RB,RB
Y. Toutouh,LM,LM
A. Ba,CB,CB
L. Wilson,RM,RB
Song Boxuan,RM,LM
Óscar Ramírez,RB,RB
N. Holland,LW,LM
M. Kamekawa,LB,RB
M. Lacroix,CB,CB
M. Escalona,CB,CB
Lee Ji Nam,CB,CB
P. Fontanello,CB,CB
Y. Adnane,ST,ST
Lee Seung Gi,LM,LM
Jemerson,CB,CB
A. Katrich,RM,RM
Luís Leal,ST,ST
D. Dumić,CB,CB
S. Petrov,RB,RM
Roniel,LW,ST
Marc Roca,RM,LM
A. Sulu,CB,CB
E. Pulgar,CB,CB
Welinton,CB,CB
J. Murphy,RB,RM
M. Romero,CB,CB
M. Frey,CM,ST
Zhang Jinliang,CB,CB
H. Dalsgaard,RB,RB
B. Grougi,RM,LM
V. Savićević,CM,RM
P. Flo,LB,LB
G. Angella,CB,CB
G. Bale,RW,LM
A. Schoenfeld,ST,ST
D. Fry,CB,CB
R. Watson,RM,RM
A. Messaoud,RW,LM
J. Sheehan,LM,RM
Jeong Ho Jeong,RB,CB
S. Pol,LW,ST
S. Missiroli,CM,RM
A. Epureanu,CB,CB
M. Franke,CB,CB
D. Fox,CB,CB
B. Zolinski,ST,RM
T. Cantwell,RM,LM
S. Hagen,CB,CB
M. Kosanović,CB,CB
M. Ehmer,CB,CB
Y. Candelo,CM,RM
D. Potter,RM,RM
J. Gol,LM,RM
D. Rodríguez,RM,RM
W. Keane,CM,ST
N. Danns,RM,RM
S. Tijani,RM,RM
Deng Hanwen,RB,RB
R. Broom,LM,RM
D. Imbongo Boele,ST,ST
D. Terans,ST,LM
J. Álvarez,LB,LM
T. Anselm,ST,LM
Marlinito Dias,CB,CB
D. Daniels,CB,CB
Tiago Gouveia,RW,LM
M. Daly,LW,LM
D. Heymans,ST,RM
M. Brink,CM,RM
A. Carrillo,RM,ST
P. Mlapa,ST,ST
B. Koné,CB,CB
B. Webster,CB,CB
M. Iwański,LM,LM
Hernani,RM,RM
K. Glik,CB,CB
B. Özdemir,LM,RM
J. Reina,RM,LM
I. Angulo,LM,LM
M. Gonalons,CM,LM
O. Wijndal,LB,LB
F. Löning,ST,ST
I. Chochev,LM,RM
Morales,LM,RM
G. Coke,LM,RM
Yeon Jei Min,CB,CB
Y. Cabrera,RM,LM
N. Nkoulou,CB,CB
T. Leibold,LB,LB
Y. Jaeschke,ST,ST
Kim Min Tae,CB,CB
O. Gonzalez,CB,CB
Rubén Pérez,CM,RM
Luis Couprins,RM,LM
J. Valdés,RM,LM
K. Dennis,ST,ST
M. Cebula,RM,RM
Y. Soteldo,LM,LM
Aridai,ST,ST
F. Milo,LM,LB
L. Spalvis,ST,ST
N. Foor,LM,LM
Lucas Piazon,LM,LM
Y. Hadji,ST,ST
F. Lohkemper,LM,ST
Pedro Chirivella,RM,RM
S. Dillon,LB,RB
K. Yoda,RW,LM
K. Struski,LW,LM
Gerard Badía,LM,LM
D. Fry,CB,CB
J. McNulty,CB,CB
S. Sam,RW,ST
O. Thioune,LM,RM
Gabriel,CB,CB
A. Voglsammer,ST,ST
B. Moreno,CM,LM
T. Peyre,RB,CB
Jailson Caeiro,RB,RB
D. Winnard,CB,RB
Romário,LM,LM
S. Akasaki,ST,ST
A. Hrustić,LM,LM
R. Demjan,ST,ST
B. Maodah,CM,LM
Raúl García,CM,RM
C. Bryson,LM,LM
J. Gorius,LM,LM
P. McGinn,RB,RB
M. Kašćelan,LM,RM
Leandro Vivenço,ST,ST
E. Akbaba,CM,LM
M. Clarke,CB,CB
B. Kantarovski,RM,RM
S. Keita,ST,ST
A. Duarte,CB,CB
H. Singh,CM,LM
I. Torres,LM,LM
Lim Sang Hyub,LM,ST
F. Onyeka,RM,RM
C. Noone,RM,LM
F. Hübner,CB,CB
Y. Mutō,LW,ST
Kim Kwang Suk,CB,CB
H. Kadish,LB,LB
F. Quignon,CM,LM
P. Caballero,ST,ST
M. Fofana,CB,CB
M. Barrow,LM,LM
N. Royón,ST,ST
Fábio Cardoso,CB,CB
M. Rosales,LB,RB
J. Sýkora,LM,LM
M. Kirkeskov,LB,LB
R. Zomer,CB,CB
D. Buonanotte,CM,LM
T. Reginiussen,CB,CB
A. Pellegrino,LM,ST
C. Pickel,CM,RM
Antonio Tomás,LM,RM
J. Egan,CB,CB
C. Munder,RM,LM
Wanderson,ST,ST
Jemerson,CB,CB
Thiago,LM,LM
D. Lanius,CB,CB
D. Gomis,LM,LM
J. Guilavogui,CM,CB
H. Kawabe,RM,RM
C. Luyindama,CB,CB
R. Preißinger,LM,LM
Pedro Ribeiro,CB,CB
J. Mawihmingthanga,RM,LM
M. Mancienne,CB,CB
Mateus,LM,LM
L. Torres,LB,LB
I. Paro,CB,CB
R. Martínez,ST,ST
Carlos Hernández,CB,CB
N. Viola,CM,LM
P. Karlsson Lagemyr,RW,LM
P. Zebli,CM,RM
P. Grossi,LM,LM
C. Pickel,RM,RM
T. Mahrer,CB,CB
T. Kister,CB,CB
E. Koffi,RB,RB
M. Al Sahlawi,ST,ST
C. Johnson,RB,RB
Frederico Venâncio,CB,CB
Ricardo Lopes,LM,LM
Y. Kobayashi,RB,RB
N. Petersen,ST,ST
N. Sandberg,RW,LM
D. McGoldrick,ST,ST
D. Rooney,LM,LM
C. Davies,CB,CB
F. Fumu Tamuzo,RW,LM
S. Farhan,RM,RM
M. Cuero,RW,LM
Marc Mateu,LM,LM
M. Autret,CM,LM
Gabrielzinho,RW,LM
A. Artean,CM,RM
A. Mooy,LM,RM
S. Braun-Schumacher,CB,CB
G. Plata,RW,RM
F. Schär,CB,CB
N. Katterbach,LB,LB
M. Veljković,CB,CB
V. Chiricheș,CB,CB
I. Tapia,RM,LM
Kim Dong Cheol,CB,CB
R. McBride,CB,CB
M. Schnatterer,RM,LM
M. Maertens,LM,RM
A. Boyle,CB,CB
A. Moralez,CB,CB
C. Embalo,RM,LM
K. Londoño,RM,RB
M. Saadane,CB,CB
R. Tunnicliffe,LM,RM
D. Melnjak,LB,LB
João Diogo,RB,RB
J. Laporte,CB,CB
P. Steinhart,LB,LB
S. Blanco,LM,LM
F. Vanzo,RM,LM
F. Dutari,CB,CB
Joselu,ST,ST
J. Proctor,ST,ST
S. Elworthy,RB,RB
B. Sharp,ST,ST
S. Limbombe,RM,LM
Wei Zhen,RB,CB
B. Hines-Ike,CB,CB
Y. Ibrahimaj,RM,LM
C. Smith,CM,LM
W. Kvist,RM,RM
M. Ziegl,RM,RM
F. Tchenkoua,RW,LM
G. Stewart,RM,ST
H. Winks,LM,RM
I. Al Zawahreh,CB,LB
Jordi Quintillà,LM,LM
B. Alemán,CM,LM
S. Rizzato,LB,LB
K. Bartolec,RB,RB
J. Reinoso,ST,ST
B. Romo,CB,CB
J. Escobar,RB,RB
N. Byrne,CB,CB
F. Ballas,CB,CB
Pol Lirola,RB,RB
H. Villalba,RM,LM
G. Chiellini,CB,CB
J. Aït Ben Idir,RM,RM
Iriome,RM,RM
D. MacKinnon,RM,RM
Juli Piresinho,RB,RB
J. Remacle,LM,LM
Y. Mollo,ST,LM
M. Stegmayer,LB,LB
F. Helstrup,CB,CB
Seoane,RM,RM
M. Timlin,LM,LM
Gabriel Xavier,RM,LM
D. Rubio,ST,ST
P. Diop,RM,RM
K. Traoré,CB,CB
J. Jeanvier,CB,CB
B. Garcés,RM,ST
Kim Jin Hyuk,CB,CB
Lucas Souza,RM,RM
J. Osabutey,ST,ST
D. de Wit,RM,RM
V. Ghiță,CB,CB
P. Ziereis,CB,CB
S. Coulibaly,ST,ST
Thiago Andrade,LM,LM
N. Kijewski,LB,LB
K. Fisker,RM,LM
R. López,RB,RB
R. Rodriguez,LB,LB
E. López,RB,RB
Son,RB,RB
Raphael Martinho,CM,LB
R. Stevenson,ST,RM
P. Tachtsidis,CM,LM
Zhao Xuri,LM,RM
P. Bengtsson,LB,LB
Àngel Rangel,RB,RB
D. Pavelka,LM,RM
B. Ecuélé Manga,CB,CB
C. Flores,LM,LM
L. Villafañez,CM,LM
C. González,ST,ST
T. Hansen,CB,CB
S. Piette,RM,RM
K. Mbabu,RB,RB
I. Latovlevici,LB,LB
David Fernández,CB,CB
M. Maloča,CB,CB
A. Al Khaibari,CM,CB
F. Kleinhansl,LB,LB
E. Drozdowicz,RM,ST
R. Doan,RM,LM
J. Tavernier,RB,RB
O. Al Soma,ST,ST
Hong Seung Hyeon,RM,RM
S. Kverkvelia,CB,CB
S. Delev,LM,ST
B. Al Huwaidi,RB,RB
H. Jele,CB,RB
B. Lennon,RB,RB
P. Groß,RW,LM
R. Slater,LM,RM
M. Niakhaté,CB,CB
J. Washausen,LM,CB
Y. Nakayama,CB,CB
M. Broberg,LM,RM
David Goldar,CB,CB
R. Ledson,LM,RM
P. Riese,LM,LM
Hong Chul,LB,LB
Z. Gano,ST,ST
P. Alo'o Efoulou,ST,ST
V. Afonin,CM,RM
J. Schlupp,LM,LB
B. Soumaré,CB,CB
R. McBride,CB,CB
F. Brown Forbes,ST,ST
D. Ulvestad,CB,CB
M. Gelabert,RM,RM
D. Pisot,CB,CB
B. Godeau,CB,CB
S. Cantini,LB,RB
Sebas Couteira,LM,LM
N. Omladič,LM,LM
M. Caruzzo,CB,CB
T. Dallinga,ST,ST
C. Quintero,CM,RM
M. Dávila,LM,LM
D. Carr,ST,ST
A. Hurtado,ST,RM
A. Smith,RB,RB
J. Güemez,LM,RM
F. Concas,ST,RM
D. N'Doye,ST,ST
Adriano Alves,CB,CB
J. Córdoba,ST,ST
Carlinhos,RM,LM
L. Fuentes,LB,LB
E. Purita,RB,RB
N. Amiri,LM,LM
L. Robertone,CM,LM
Ç. Söyüncü,CB,CB
D. Chatziisaias,CB,CB
P. Komolov,RM,RM
M. Niakhaté,CB,CB
J. Thorsen,LM,RM
A. Sloboda,RM,LM
M. Icardi,ST,ST
N. Nielsen,ST,ST
E. Enza-Yamissi,LM,LB
S. Kaya,CB,CB
J. Grant,LM,LM
D. Geiger,CM,LM
J. Okkels,LM,LM
W. Segrado,RM,LM
Catena,CB,CB
Dani,RB,RB
J. Donachie,CB,CB
R. Henkens,RM,RM
Pablo Trigueros,CB,CB
Edercinho Sepa,LM,RM
L. Scaglia,LM,LB
J. Matip,CB,CB
A. Askar,RB,RM
Wang Gang,RB,RB
E. Seidou,LB,LM
F. Azemi,ST,ST
D. Avounou,RM,LB
A. Paločević,CM,LM
A. Wittwer,LB,LB
Naldo,CB,CB
L. Murphy,LM,RM
M. Rømer,LM,RM
P. Wilson,LW,ST
C. Vincent,RM,RM
S. Ingelsson,CM,LM
Sandro Manoel,RM,RM
G. Nilsson,ST,ST
T. Leistner,CB,CB
E. Le Fée,RM,LM
J. Donacien,RB,CB
Víctor Marco,CB,CB
A. Catellani,ST,LM
A. Al Shammari,RB,RB
O. Malik,CB,CB
B. Stillhart,LM,RM
Á. Garcete,CB,CB
M. Guaramato,RB,RB
M. Kanunnikov,RM,ST
Silvosinho,RB,RB
Z. Francis-Angol,CB,LB
D. Batubinsika,CB,CB
J. Bruma,CB,CB
T. Cassandro,RB,RB
H. Delcroix,CB,CB
Y. Bissouma,LM,RM
M. Bangura,ST,ST
R. Crivello,LB,LB
S. Hazazi,RB,RB
F. Lukšík,LB,LB
R. Alioui,LW,ST
E. Pérez,RB,RB
K. Glik,CB,CB
V. Kavlak,LM,RM
J. Magennis,LM,CB
X. Arreaga,CB,CB
A. Morales,RM,RM
J. Valencia,ST,LM
J. Mena,CB,CB
Z. Erdal,LB,LB
N. Helenius,ST,ST
P. Gouano,CB,CB
M. Eberwein,CM,ST
M. Livaja,ST,ST
Nuno Lisareda,ST,ST
D. Hoesen,ST,ST
R. Austin,CM,RM
J. Palomino,LM,CB
Wander,CM,LM
A. May,LM,RM
A. Chipciu,RM,RM
Á. Nagy,CM,RB
Álex Fernández,CM,LM
A. Salifu,RM,RM
Jaime Gavilán,LM,LM
C. Elliott,RM,ST
G. Medel,RM,RM
Cesinha,CM,LM
F. Mancinelli,CB,CB
S. de Vrij,CB,CB
N. Erlbeck,LM,LM
D. Andrade,LB,LB
N. De Pauw,RM,LM
R. Riski,LW,LM
C. McCormack,LM,RM
K. Kanak,LB,LB
Y. Tielemans,RM,LM
S. Meïté,LM,RM
T. Teniste,RB,RB
P. Gallardo,ST,ST
Pedro León,RM,RM
F. Koch,RB,RB
K. Barmen,LM,RM
V. Gutkovskis,ST,ST
Pietrson Mendes,CM,LM
R. Ríos,LM,RM
C. Peralta,ST,ST
Miguel Nuñez,CB,LM
D. Cancola,LM,RM
F. Caputo,ST,ST
P. Dybala,CM,ST
S. Mijnans,RM,LM
Luvannor,RM,ST
M. Diaby,LM,LM
F. Brustad,ST,ST
P. Rubio,ST,ST
S. Ciss,LB,LB
Luiz Henrique,RW,RM
J. Gustaldo,ST,ST
A. Gray,ST,ST
L. Rodríguez,LB,LB
M. Budziński,LM,RM
M. Ibarra,LM,RM
L. Vásquez,RM,RM
Mikel Merino,RM,LM
L. Öhman,CB,CB
F. Lora,LM,RM
J. Carabalí,LB,LB
L. Wallace,LB,LB
Felipe,CB,CB
E. Nolan,CB,RB
J. Zimmer,RB,RB
Tartá,LM,LM
M. Kaba,RM,RM
W. Kamavuaka,RM,CB
M. Wittek,CB,CB
R. Córdoba,CB,CB
J. Wawrzyniak,CB,LB
Gerard Badía,RW,LM
S. Naveda,LM,RM
I. Jones,RB,RB
Jorginhson,RM,LM
D. Meenan,RM,LM
Nacho Monreal,CB,LB
D. Zanon,RB,RB
E. Ruud,RB,RB
A. Smárason,CM,LM
Kim Min Woo,RM,LB
S. Grahovac,RM,RM
Casemiro,CM,CB
M. Bjärsmyr,CB,CB
Carlos Ruiz,CB,CB
N. Patterson,RB,RB
I. Fernández,CM,LM
C. Günter,LB,LB
L. Cabrera,LM,RM
S. Medina,RB,RB
Jiang Zhe,LM,RB
C. McLaughlin,CB,RB
S. Jamieson,LB,LB
J. Pereira,CB,CB
J. Neufville,RM,ST
K. Haraldseid,RB,RB
B. Nievas,LM,RM
Aleix Vidal,RM,RB
T. Nowak,CM,LM
A. del Valle,ST,ST
P. Dybala,ST,LM
L. Stergiou,CB,CB
R. Bonevacia,RM,RM
A. Blin,CM,RM
M. Oikonomou,CB,CB
T. Ben Haim,LM,ST
L. Schweers,CB,CB
Alex Muñoz,CB,LB
B. Kantarovski,RM,RM
B. Aouacheria,RW,LM
R. Fernández,LW,LM
Marlinito Dias,LM,CB
M. Reynolds,CB,LB
Nathan,CB,CB
L. Kitching,CB,CB
J. Ramos,LB,LB
C. Christie,RB,RB
A. Ogbonna,CB,CB
S. McLaughlin,LM,RM
É. Cantero,ST,ST
A. Hadžiahmetović,LM,RM
Sevinho Santos,ST,ST
E. González,LB,LB
Carlos Martins,CM,LM
S. Juklerød,LB,LB
M. Castagnetti,CM,LM
E. Hoff,RM,ST
L. Fuentes,LB,LB
Ronaldo Esler,LB,LB
L. Maloney,CB,CB
R. Basque,LM,LM
João Félix,ST,ST
M. Mahlangu,RM,RM
C. Kammerknecht,CB,CB
L. Desábato,RM,RM
Moi Gómez,LM,LM
S. Griffin,LB,LB
A. Puljić,CB,CB
S. Becker,RM,RM
R. Martínez,LM,RM
V. Lazaro,RW,LM
E. Björkander,CB,RB
C. Löwe,LB,LB
Mauro Júnior,RB,LM
S. Hain,ST,ST
L. Romo,CM,RM
W. Morelo,ST,ST
M. Mehlem,LM,LM
J. Świerczok,ST,ST
F. Lejeune,CB,CB
A. Atouchi,CB,CB
G. Sirino,RM,LM
Jiang Zhe,RB,RB
Álex Gallar,RM,LM
G. Machín,RM,RM
K. Risgård,CM,RM
A. Bamba,RB,CB
J. Ward,RB,RB
N. Pasquini,LB,LB
E. Başsan,LM,LM
Lee Ki Je,LM,LB
Diego Castro,LM,LM
R. Lindgren,CB,RM
M. Samatta,ST,ST
Kim Ji Hyun,ST,ST
J. Ramírez,LW,LM
M. El Hamdaoui,ST,ST
A. Correa,LB,LB
L. Kozák,ST,ST
E. Derdiyok,ST,ST
A. Kramarić,ST,ST
Laure,RB,RB
Kim Ho Nam,RW,ST
S. Tronstad,RM,LM
J. Rodríguez,ST,ST
Kim Ho Nam,RM,RM
C. Rodríguez,LM,LM
F. Ribéry,LM,LM
D. Zabala,LM,RM
F. Martin,RM,LM
K. Baccus,CM,LM
D. Ouédraogo,LB,CB
Kwon Kyung Won,CB,CB
C. Erkin,LB,LB
Kim Dong Min,CB,RB
S. Barreiro,CB,CB
A. Dønnum,LM,RM
D. Telford,ST,ST
Éder,ST,ST
E. Børufsen,LW,LM
R. McEvoy,RM,LM
Héctor Bellerín,RB,RB
I. Villalba,CB,CB
G. Vives,CM,LM
L. Melgarejo,ST,LM
J. Berget,RM,RM
E. Schreiner,LB,LB
B. Singh,RM,LM
R. Grego-Cox,ST,LM
A. Hazazi,LM,LM
S. Peeters,LM,LM
S. Amro,LB,LB
A. Kwiek,RM,RM
D. Petratos,LM,LM
N. Gahlot,CB,CB
S. Trémoulet,CB,CB
V. Aboubakar,ST,ST
Ł. Mierzejewski,RB,RB
Vako,LM,LM
T. Kalas,CB,CB
L. Ciman,CB,RM
G. Docherty,LM,RM
Óscar Sielva,RM,LM
Francés,CB,RB
Pedrinho,RB,RB
Ko Seung Beom,RM,RM
J. Falcón,ST,ST
M. Prietl,CM,RM
Jonathan Viera,CM,LM
Custódio,CM,RM
S. Rosted,CB,CB
I. Santini,CM,ST
Diogo Viana,RB,RB
Flavio Paixão,RM,RM
D. Sanderson,CB,CB
Bruno Gaspar,RB,RB
E. Alfonso,RM,RM
E. Prib,LM,LM
Rubén Alcaraz,LM,RM
Ricardo Gomes,LW,ST
M. Nelson,CB,CB
U. Eusepi,ST,ST
N. Kölle,LB,LB
A. Webster,CB,CB
Camacho,LW,LM
Leo Caldeirinha,LM,ST
C. Ikonomidis,ST,LM
L. Hutten,LW,RM
M. Barbieri,CB,CB
H. Akbunar,RM,LM
P. Bochniewicz,CB,CB
F. Tingager,CB,CB
Deyverson,ST,ST
L. Dunk,CB,CB
Rodrigo Vuarte,LM,LM
J. Marié,RM,RM
J. Brandrup,RB,RB
E. Benny,LM,LM
D. Lenihan,CB,CB
J. Andersen,CB,CB
A. Sigurðsson,RW,LM
G. Jara,CB,CB
Luisinho,LB,LB
V. Balta,CB,CB
S. Balić,LB,LB
J. Vestergaard,CB,CB
J. Cevallos,LM,LM
A. Coeff,RB,CB
M. Nizam,LB,CB
J. Tell,ST,ST
F. Lampard,RM,RM
M. Mount,RW,LM
S. Inkoom,RB,RB
Petros,LM,RM
I. Cissé,LB,RB
Lee Yun Pyo,CB,CB
A. Rodríguez,ST,ST
D. Poha,RM,RM
J. van den Bergh,LB,LB
Pelayo,CM,RM
H. Salazores,LB,LB
Anderson Talisca,CM,LM
B. Leal,LM,RM
Ü. Kurt,CB,CB
M. Heylen,CB,CB
J. McCarthy,RB,RB
T. Barnetta,CM,RM
A. Andrade,RM,LM
K. Malcuit,RB,RB
E. Dier,RM,CB
S. Bannigan,LM,LM
L. Jutkiewicz,ST,ST
M. Słodowy,RB,RB
J. Álvarez,LM,LM
J. Czerwiński,CB,CB
A. Lacazette,ST,ST
Sandeiro Leal,CM,LM
C. Long,ST,ST
K. Overmeire,RM,RM
J. López,CB,CB
A. Arigoni,CB,RB
P. Schürpf,LM,ST
M. Leca,CB,CB
A. Chumacero,LM,RM
D. Gabriele,RM,LM
R. Lindgren,RM,RM
F. Diedhiou,ST,ST
N. Hunt,RB,CB
J. Ward,ST,LM
D. McCrory,LB,LB
O. Kakay,RB,RB
S. Aigner,RM,RM
Wang Peng,LM,CB
Guilherme Sityá,LB,LB
Agus,CB,CB
N. Ghilas,ST,ST
J. Moreno,ST,ST
A. Wilbraham,ST,ST
A. El Kaoutari,CB,CB
B. Molloy,RM,RB
A. Parot,LB,LB
L. Pellegrini,RM,LM
C. Brackelmann,CB,CB
S. Sahin,RM,RM
Marc Muniesa,CB,CB
Portu,CM,RM
O. Şahan,LM,RM
P. Díaz,CB,RM
A. Mengoni,CB,CB
D. Williams,ST,ST
R. Stewart,ST,ST
R. Lod,CM,LM
T. Kalachev,RB,RM
Campaña,LM,RM
B. Adjei-Boateng,RM,RM
T. Salquist,CB,CB
J. Edmundsson,RM,LM
De Marcos,RB,RB
S. McKenna,CB,CB
VP Suhair,ST,ST
S. Mölders,ST,ST
S. Griffin,LB,LB
S. Sam,RM,LM
K. Waston,CB,CB
L. Hyam,RM,RM
Rober,RM,RM
R. De Laet,RB,RB
F. Aktaou,LB,LB
M. Balanta,RM,ST
J. Djourou,CB,CB
A. Rami,CB,CB
T. Romanczuk,RM,LM
Willians,CM,RM
R. Hassan,RM,LM
F. Tait,CM,RM
Cani,RM,RM
T. Kroos,LM,LM
R. Kitto,LB,LB
M. Ehmer,CB,CB
M. Weiser,RB,RB
Ozkoidi,LB,LB
N. Gießelmann,LB,LB
Oh Seung Bum,RM,RM
D. Drexler,ST,LM
L. Binks,CB,CB
O. Horșia,CM,LM
M. Dembélé,ST,ST
Valdivia,LM,LM
J. Tagueu,ST,ST
F. Jensen,CM,LM
M. Korzym,ST,ST
A. Sissako,LM,RM
D. Baier,LM,RM
A. Smith,LB,RB
N. Mendy,LM,RM
Luís Hernández,CB,CB
T. Fujii,RM,RM
R. Espinoza,RM,LM
Héldon,LM,LM
V. Marchetti,LM,LM
G. Fuentes,LB,LB
J. Meffert,LM,RM
J. Hamill,RM,RM
S. Mugoša,ST,ST
J. Fuentes,CB,RM
T. Suzuki,LB,LB
Lucas Lima,LB,LB
R. Gutiérrez,ST,ST
Javi Jiménez,LB,LB
I. Sissoko,RM,LM
A. Arias,RM,RM
Iván González,CB,RB
H. Pernía,CB,CB
M. Schmiedebach,RM,RM
L. Chará,LM,RM
R. Raţ,LB,LB
N. Zárate,LB,LB
Zhang Xizhe,LM,LM
K. Burger,LB,CB
S. McGinn,CM,LM
J. Cano,RB,RB
De las Cuevas,LM,LM
K. Adeyemi,ST,LM
D. Pietrasiak,CB,CB
Pietrson Mendes,ST,LM
C. Kerbrat,CB,CB
H. Salinas,LM,LB
V. Savićević,CM,RM
M. Parkhurst,CB,CB
A. Diaby,ST,ST
O. Özyakup,RM,LM
K. Toko-Ekambi,ST,ST
B. Kramer,ST,ST
S. Bertram,LW,RM
C. Mosca,LM,CB
Andeson Trigo,LB,LB
S. Kukuruzović,CM,LM
R. Despotović,ST,ST
Josué da Feira,ST,ST
S. Silva,ST,ST
A. Romero,LM,LM
M. Gaffoor,CB,CB
C. Okoroji,LB,LB
R. Rubin,ST,ST
F. Mancinelli,CB,CB
Álvaro,RM,ST
D. Lenihan,CB,CB
M. Yatabaré,ST,ST
P. Bamford,ST,ST
F. Hörberg,RB,RB
Joselu,ST,ST
Marcelo,LB,LB
R. Manning,LB,LB
A. Angoula,CB,CB
R. Boakye,ST,ST
R. Jack,RM,RM
B. García,LM,RM
R. Koike,RB,RB
E. Weir,LB,LB
J. Veldmate,CB,CB
Jeon Hyeon Chul,CM,ST
A. Bălan,ST,ST
C. Gakpo,LM,LM
Kike García,ST,ST
C. Clark,CB,CB
E. Mas,LB,LB
D. González,RM,RM
J. Rojas,LM,LM
J. Kluivert,RW,LM
S. Aigner,RM,LM
N. Lima,RB,RB
C. Strandberg,ST,ST
M. Celtejo,RM,ST
M. Jajalo,LM,RM
J. Orlov,ST,ST
G. Lanaro,CB,CB
B. Barišić,LB,LB
E. Andersen,LM,RM
Javi Moyano,RB,RB
D. Yılmaz,RM,ST
S. Botman,CB,CB
K. Baccus,RM,RM
L. Rizzo,RM,RB
J. Lascelles,CB,CB
K. Constant,LM,LB
David Juncà,LB,LB
R. Sottil,LW,LM
A. Frączczak,ST,RB
A. Taylor,CB,CB
L. Modrić,RM,LM
Pascoal Muscato,RM,RM
P. McGowan,LW,LM
J. Jones,RM,RM
R. Hack,ST,LM
G. Ariyibi,RM,LM
N. Saintini,CB,CB
M. Coronel,CB,CB
O. Dytyatev,CB,CB
Bruno Soares,CB,CB
N. Helenius,ST,ST
B. Bahn,CM,RM
D. Florea,RW,ST
Borja Iglesias,ST,ST
A. Crescenzi,LM,RB
G. İnler,RM,RM
Mossoró,CM,LM
R. Janicki,CB,CB
C. Rodríguez,RM,LM
Sergio García,ST,ST
Brandão,LM,ST
M. Zaccagni,LW,RM
J. Ahlmann,LB,LB
C. Sickinger,CB,RM
A. El-Abd,CB,CB
P. Golyshev,LM,LM
